No,Scenario,Controller,Setpoint_g,TrialNo,FileName,FinalMass_g,FinalError_g,FinalError_pct,AbsError_g,AbsError_pct,MaxOvershoot_g,MaxOvershoot_pct,Duration_s,TimeTo90_s,RiseTime_10_90_s,SettlingTime_s,BridgingCount,Status,Valid,StopReason,EarlyStop_g,Notes,WithinTolerance
1,Fixed PID,Fixed PID,15.0,1,Fixed PID_SP15_trial01.txt,14.89,-0.11,-0.73,0.11,0.73,0.0,0.0,33.18,23.713,21.172,31.718,1,AKURAT,True,TARGET,0.4,,1
2,Fixed PID,Fixed PID,15.0,2,Fixed PID_SP15_trial02.txt,14.54,-0.46,-3.07,0.46,3.07,0.0,0.0,15.88,13.902,11.102,13.902,1,AKURAT,True,TARGET,0.4,,1
3,Fixed PID,Fixed PID,15.0,3,Fixed PID_SP15_trial03.txt,14.75,-0.25,-1.7,0.25,1.7,0.0,0.0,26.98,25.261,20.654,25.261,3,AKURAT,True,TARGET,0.4,,1
4,Fixed PID,Fixed PID,15.0,4,Fixed PID_SP15_trial04.txt,14.84,-0.16,-1.06,0.16,1.06,0.0,0.0,18.72,14.933,12.392,16.999,2,AKURAT,True,TARGET,0.4,,1
5,Fixed PID,Fixed PID,15.0,5,Fixed PID_SP15_trial05.txt,14.44,-0.56,-3.73,0.56,3.73,0.0,0.0,15.11,12.869,10.328,13.127,0,AKURAT,True,TARGET,0.4,,1
6,Fixed PID,Fixed PID,15.0,6,Fixed PID_SP15_trial06.txt,16.82,1.82,12.1,1.82,12.1,1.93,12.88,15.88,14.159,11.617,,1,OVERSHOOT,True,TARGET,0.4,,0
7,Fixed PID,Fixed PID,15.0,7,Fixed PID_SP15_trial07.txt,15.34,0.34,2.27,0.34,2.27,0.45,3.03,27.24,23.456,20.914,25.522,0,AKURAT,True,TARGET,0.4,,1
8,Fixed PID,Fixed PID,15.0,8,Fixed PID_SP15_trial08.txt,14.95,-0.05,-0.36,0.05,0.36,0.0,0.0,24.66,13.644,11.102,23.198,1,AKURAT,True,TARGET,0.4,,1
9,Fixed PID,Fixed PID,15.0,9,Fixed PID_SP15_trial09.txt,16.04,1.04,6.96,1.04,6.96,1.04,6.96,16.66,11.062,8.52,,0,OVERSHOOT,True,TARGET,0.4,,0
10,Fixed PID,Fixed PID,15.0,10,Fixed PID_SP15_trial10.txt,19.28,4.28,28.51,4.28,28.51,4.28,28.51,15.11,13.644,11.102,,1,OVERSHOOT,True,TARGET,0.4,,0
11,Fixed PID,Fixed PID,20.0,1,Fixed PID_SP20_trial01.txt,20.72,0.72,3.58,0.72,3.58,0.72,3.58,24.66,19.068,16.526,21.65,0,AKURAT,True,TARGET,0.4,,1
12,Fixed PID,Fixed PID,20.0,2,Fixed PID_SP20_trial02.txt,19.82,-0.18,-0.89,0.18,0.89,0.0,0.0,56.15,52.367,49.826,54.433,5,AKURAT,True,TARGET,0.4,,1
13,Fixed PID,Fixed PID,20.0,3,Fixed PID_SP20_trial03.txt,21.87,1.87,9.37,1.87,9.37,1.87,9.37,20.53,16.999,14.457,,0,OVERSHOOT,True,TARGET,0.4,,0
14,Fixed PID,Fixed PID,20.0,4,Fixed PID_SP20_trial04.txt,20.23,0.23,1.14,0.23,1.14,0.23,1.14,31.12,26.04,23.24,29.655,1,AKURAT,True,TARGET,0.4,,1
15,Fixed PID,Fixed PID,20.0,5,Fixed PID_SP20_trial05.txt,29.05,9.05,45.26,9.05,45.26,9.05,45.26,27.5,26.039,23.239,,2,OVERSHOOT,True,TARGET,0.4,,0
16,Fixed PID,Fixed PID,20.0,6,Fixed PID_SP20_trial06.txt,19.47,-0.53,-2.67,0.53,2.67,0.0,0.0,33.7,25.265,24.53,27.331,1,AKURAT,True,TARGET,0.4,,1
17,Fixed PID,Fixed PID,20.0,7,Fixed PID_SP20_trial07.txt,20.85,0.85,4.25,0.85,4.25,0.85,4.25,16.4,13.129,10.587,14.936,0,AKURAT,True,TARGET,0.4,,1
18,Fixed PID,Fixed PID,20.0,8,Fixed PID_SP20_trial08.txt,19.58,-0.42,-2.08,0.42,2.08,0.0,0.0,33.96,32.494,31.76,32.494,4,AKURAT,True,TARGET,0.4,,1
19,Fixed PID,Fixed PID,20.0,9,Fixed PID_SP20_trial09.txt,20.14,0.14,0.68,0.14,0.68,0.14,0.68,22.85,17.259,16.525,21.132,0,AKURAT,True,TARGET,0.4,,1
20,Fixed PID,Fixed PID,20.0,10,Fixed PID_SP20_trial10.txt,20.92,0.92,4.58,0.92,4.58,0.92,4.58,21.3,19.841,19.107,19.841,2,AKURAT,True,TARGET,0.4,,1
21,Fixed PID,Fixed PID,25.0,1,Fixed PID_SP25_trial01.txt,24.86,-0.14,-0.56,0.14,0.56,0.0,0.0,41.45,37.661,35.119,37.661,4,AKURAT,True,TARGET,0.4,,1
22,Fixed PID,Fixed PID,25.0,2,Fixed PID_SP25_trial02.txt,24.75,-0.25,-1.01,0.25,1.01,0.0,0.0,24.92,21.135,18.593,23.201,1,AKURAT,True,TARGET,0.4,,1
23,Fixed PID,Fixed PID,25.0,3,Fixed PID_SP25_trial03.txt,24.77,-0.23,-0.93,0.23,0.93,0.0,0.0,64.17,50.831,48.289,57.803,7,AKURAT,True,TARGET,0.4,,1
24,Fixed PID,Fixed PID,25.0,4,Fixed PID_SP25_trial04.txt,24.38,-0.62,-2.47,0.62,2.47,0.0,0.0,52.04,21.137,18.595,45.93,0,AKURAT,True,TARGET,0.4,,1
25,Fixed PID,Fixed PID,25.0,5,Fixed PID_SP25_trial05.txt,26.19,1.19,4.78,1.19,4.78,1.19,4.78,31.12,29.657,27.115,29.657,4,AKURAT,True,TARGET,0.4,,1
26,Fixed PID,Fixed PID,25.0,6,Fixed PID_SP25_trial06.txt,25.6,0.6,2.4,0.6,2.4,0.6,2.4,30.86,23.461,20.919,28.368,0,AKURAT,True,TARGET,0.4,,1
27,Fixed PID,Fixed PID,25.0,7,Fixed PID_SP25_trial07.txt,31.19,6.19,24.78,6.19,24.78,6.19,24.78,58.49,56.771,52.163,,10,OVERSHOOT,True,TARGET,0.4,,0
28,Fixed PID,Fixed PID,25.0,8,Fixed PID_SP25_trial08.txt,25.59,0.59,2.38,0.59,2.38,0.59,2.38,70.11,50.572,45.706,66.583,6,AKURAT,True,TARGET,0.4,,1
29,Fixed PID,Fixed PID,25.0,9,Fixed PID_SP25_trial09.txt,25.37,0.37,1.48,0.37,1.48,0.37,1.48,49.46,47.992,45.45,47.992,8,AKURAT,True,TARGET,0.4,,1
30,Fixed PID,Fixed PID,25.0,10,Fixed PID_SP25_trial10.txt,25.03,0.03,0.11,0.03,0.11,0.03,0.11,45.33,35.599,33.057,41.797,4,AKURAT,True,TARGET,0.4,,1
31,Fixed PID,Fixed PID,30.0,1,Fixed_PID_SP30_trial01.txt,29.78,-0.22,-0.72,0.22,0.72,0.0,0.0,80.69,14.419,13.685,76.649,1,AKURAT,True,TARGET,0.4,,1
32,Fixed PID,Fixed PID,30.0,2,Fixed_PID_SP30_trial02.txt,29.96,-0.04,-0.12,0.04,0.12,0.0,0.0,39.11,31.455,30.721,35.844,4,AKURAT,True,TARGET,0.4,,1
33,Fixed PID,Fixed PID,30.0,3,Fixed_PID_SP30_trial03.txt,29.63,-0.37,-1.23,0.37,1.23,0.0,0.0,24.92,22.941,22.206,23.199,2,AKURAT,True,TARGET,0.4,,1
34,Fixed PID,Fixed PID,30.0,4,Fixed_PID_SP30_trial04.txt,30.14,0.14,0.46,0.14,0.46,0.14,0.46,33.18,21.133,18.591,29.655,1,AKURAT,True,TARGET,0.4,,1
35,Fixed PID,Fixed PID,30.0,5,Fixed_PID_SP30_trial05.txt,30.06,0.06,0.21,0.06,0.21,0.06,0.21,20.53,17.002,16.268,17.26,1,AKURAT,True,TARGET,0.4,,1
36,Fixed PID,Fixed PID,30.0,6,Fixed_PID_SP30_trial06.txt,30.21,0.21,0.7,0.21,0.7,0.21,0.7,24.66,20.101,17.559,20.359,1,AKURAT,True,TARGET,0.4,,1
37,Fixed PID,Fixed PID,30.0,7,Fixed_PID_SP30_trial07.txt,29.04,-0.96,-3.19,0.96,3.19,0.0,0.0,24.92,19.841,19.107,19.841,1,AKURAT,True,TARGET,0.4,,1
38,Fixed PID,Fixed PID,30.0,8,Fixed_PID_SP30_trial08.txt,30.71,0.71,2.35,0.71,2.35,0.72,2.4,33.18,29.394,26.852,31.46,1,AKURAT,True,TARGET,0.4,,1
39,Fixed PID,Fixed PID,30.0,9,Fixed_PID_SP30_trial09.txt,30.47,0.47,1.56,0.47,1.56,0.47,1.56,41.45,26.04,25.306,26.298,1,AKURAT,True,TARGET,0.4,,1
40,Fixed PID,Fixed PID,30.0,10,Fixed_PID_SP30_trial10.txt,30.48,0.48,1.59,0.48,1.59,0.48,1.59,22.6,17.26,14.718,19.068,0,AKURAT,True,TARGET,0.4,,1
41,GS PID,Gain Scheduling PID,15.0,1,GSPID_SSP15_trial01.txt,14.63,-0.37,-2.45,0.37,2.45,0.0,0.0,12.01,10.546,9.812,10.546,1,AKURAT,True,TARGET,0.4,,1
42,GS PID,Gain Scheduling PID,15.0,2,GSPID_SSP15_trial02.txt,14.76,-0.24,-1.6,0.24,1.6,0.0,0.0,16.65,14.934,14.2,15.192,0,AKURAT,True,TARGET,0.4,,1
43,GS PID,Gain Scheduling PID,15.0,3,GSPID_SSP15_trial03.txt,15.16,0.16,1.07,0.16,1.07,0.19,1.25,13.56,10.803,10.069,10.803,1,AKURAT,True,TARGET,0.4,,1
44,GS PID,Gain Scheduling PID,15.0,4,GSPID_SSP15_trial04.txt,14.93,-0.07,-0.5,0.07,0.5,0.0,0.0,12.52,10.804,8.263,11.062,0,AKURAT,True,TARGET,0.4,,1
45,GS PID,Gain Scheduling PID,15.0,5,GSPID_SSP15_trial05.txt,16.03,1.03,6.88,1.03,6.88,1.12,7.43,12.52,10.803,10.069,,1,OVERSHOOT,True,TARGET,0.4,,0
46,GS PID,Gain Scheduling PID,15.0,6,GSPID_SSP15_trial06.txt,14.72,-0.28,-1.84,0.28,1.84,0.0,0.0,8.13,4.864,2.581,6.672,0,AKURAT,True,TARGET,0.4,,1
47,GS PID,Gain Scheduling PID,15.0,7,GSPID_SSP15_trial07.txt,15.04,0.04,0.24,0.04,0.24,0.04,0.24,37.32,29.658,28.924,33.79,0,AKURAT,True,TARGET,0.4,,1
48,GS PID,Gain Scheduling PID,15.0,8,GSPID_SSP15_trial08.txt,15.35,0.35,2.36,0.35,2.36,0.41,2.76,14.59,12.871,12.395,12.871,0,AKURAT,True,TARGET,0.4,,1
49,GS PID,Gain Scheduling PID,15.0,9,GSPID_SSP15_trial09.txt,14.82,-0.18,-1.17,0.18,1.17,0.0,0.0,10.46,8.996,6.455,8.996,0,AKURAT,True,TARGET,0.4,,1
50,GS PID,Gain Scheduling PID,15.0,10,GSPID_SSP15_trial10.txt,14.9,-0.1,-0.65,0.1,0.65,0.09,0.6,16.66,13.129,12.653,14.679,0,AKURAT,True,TARGET,0.4,,1
51,GS PID,Gain Scheduling PID,20.0,1,GS_PID_SP20_trial01.txt,20.55,0.55,2.74,0.55,2.74,0.55,2.74,20.54,13.132,12.397,14.94,0,AKURAT,True,TARGET,0.4,,1
52,GS PID,Gain Scheduling PID,20.0,2,GS_PID_SP20_trial02.txt,20.93,0.93,4.65,0.93,4.65,0.93,4.65,9.17,7.446,6.712,7.705,1,AKURAT,True,TARGET,0.4,,1
53,GS PID,Gain Scheduling PID,20.0,3,GS_PID_SP20_trial03.txt,22.1,2.1,10.49,2.1,10.49,2.1,10.49,21.3,19.839,19.105,,1,OVERSHOOT,True,TARGET,0.4,,0
54,GS PID,Gain Scheduling PID,20.0,4,GS_PID_SP20_trial04.txt,20.44,0.44,2.18,0.44,2.18,0.44,2.18,20.52,17.256,16.522,18.547,1,AKURAT,True,TARGET,0.4,,1
55,GS PID,Gain Scheduling PID,20.0,5,GS_PID_SP20_trial05.txt,21.22,1.22,6.09,1.22,6.09,1.22,6.09,20.79,17.777,17.043,,1,OVERSHOOT,True,TARGET,0.4,,0
56,GS PID,Gain Scheduling PID,20.0,6,GS_PID_SP20_trial06.txt,19.59,-0.41,-2.05,0.41,2.05,0.0,0.0,18.98,17.004,16.27,17.262,1,AKURAT,True,TARGET,0.4,,1
57,GS PID,Gain Scheduling PID,20.0,7,GS_PID_SP20_trial07.txt,19.87,-0.13,-0.67,0.13,0.67,0.0,0.0,20.79,8.998,8.264,17.004,0,AKURAT,True,TARGET,0.4,,1
58,GS PID,Gain Scheduling PID,20.0,8,GS_PID_SP20_trial08.txt,20.92,0.92,4.58,0.92,4.58,0.92,4.58,12.01,10.547,9.813,10.547,1,AKURAT,True,TARGET,0.4,,1
59,GS PID,Gain Scheduling PID,20.0,9,GS_PID_SP20_trial09.txt,19.46,-0.54,-2.7,0.54,2.7,0.0,0.0,14.59,12.355,11.621,12.872,0,AKURAT,True,TARGET,0.4,,1
60,GS PID,Gain Scheduling PID,20.0,10,GS_PID_SP20_trial10.txt,19.78,-0.22,-1.11,0.22,1.11,0.0,0.0,25.18,19.071,18.337,23.461,1,AKURAT,True,TARGET,0.4,,1
61,GS PID,Gain Scheduling PID,25.0,1,GS_PID_SP25_trial01.txt,25.84,0.84,3.36,0.84,3.36,0.84,3.36,15.11,13.388,12.654,13.647,1,AKURAT,True,TARGET,0.4,,1
62,GS PID,Gain Scheduling PID,25.0,2,GS_PID_SP25_trial02.txt,25.5,0.5,2.01,0.5,2.01,0.5,2.01,18.47,13.647,11.622,15.196,1,AKURAT,True,TARGET,0.4,,1
63,GS PID,Gain Scheduling PID,25.0,3,GS_PID_SP25_trial03.txt,26.84,1.84,7.37,1.84,7.37,1.84,7.37,10.46,6.932,6.198,,0,OVERSHOOT,True,TARGET,0.4,,0
64,GS PID,Gain Scheduling PID,25.0,4,GS_PID_SP25_trial04.txt,25.02,0.02,0.08,0.02,0.08,0.02,0.08,39.39,25.529,24.795,31.727,1,AKURAT,True,TARGET,0.4,,1
65,GS PID,Gain Scheduling PID,25.0,5,GS_PID_SP25_trial05.txt,24.14,-0.86,-3.44,0.86,3.44,0.0,0.0,12.79,10.807,10.072,11.066,0,AKURAT,True,TARGET,0.4,,1
66,GS PID,Gain Scheduling PID,25.0,6,GS_PID_SP25_trial06.txt,24.58,-0.42,-1.67,0.42,1.67,0.0,0.0,16.66,13.132,12.139,14.94,1,AKURAT,True,TARGET,0.4,,1
67,GS PID,Gain Scheduling PID,25.0,7,GS_PID_SP25_trial07.txt,25.88,0.88,3.52,0.88,3.52,0.88,3.52,32.93,21.138,20.404,29.403,0,AKURAT,True,TARGET,0.4,,1
68,GS PID,Gain Scheduling PID,25.0,8,GS_PID_SP25_trial08.txt,25.45,0.45,1.79,0.45,1.79,0.45,1.79,26.73,23.205,22.471,23.721,0,AKURAT,True,TARGET,0.4,,1
69,GS PID,Gain Scheduling PID,25.0,9,GS_PID_SP25_trial09.txt,24.54,-0.46,-1.86,0.46,1.86,0.0,0.0,54.89,17.264,16.53,43.869,0,AKURAT,True,TARGET,0.4,,1
70,GS PID,Gain Scheduling PID,25.0,10,GS_PID_SP25_trial10.txt,25.29,0.29,1.15,0.29,1.15,0.29,1.15,20.79,14.165,13.431,19.073,0,AKURAT,True,TARGET,0.4,,1
71,GS PID,Gain Scheduling PID,30.0,1,GS_PID_SP30_trial01.txt,29.67,-0.33,-1.11,0.33,1.11,0.0,0.0,31.11,15.448,14.715,19.578,0,AKURAT,True,TARGET,0.4,,1
72,GS PID,Gain Scheduling PID,30.0,2,GS_PID_SP30_trial02.txt,30.83,0.83,2.77,0.83,2.77,0.83,2.77,27.49,25.772,25.039,26.03,2,AKURAT,True,TARGET,0.4,,1
73,GS PID,Gain Scheduling PID,30.0,3,GS_PID_SP30_trial03.txt,29.88,-0.12,-0.39,0.12,0.39,0.0,0.0,18.46,11.06,8.519,14.932,0,AKURAT,True,TARGET,0.4,,1
74,GS PID,Gain Scheduling PID,30.0,4,GS_PID_SP30_trial04.txt,29.56,-0.44,-1.46,0.44,1.46,0.0,0.0,25.69,22.676,20.136,22.934,1,AKURAT,True,TARGET,0.4,,1
75,GS PID,Gain Scheduling PID,30.0,5,GS_PID_SP30_trial05.txt,29.73,-0.27,-0.91,0.27,0.91,0.0,0.0,35.5,13.383,12.649,33.519,1,AKURAT,True,TARGET,0.4,,1
76,GS PID,Gain Scheduling PID,30.0,6,GS_PID_SP30_trial06.txt,30.65,0.65,2.18,0.65,2.18,0.65,2.18,34.98,19.32,18.586,25.257,2,AKURAT,True,TARGET,0.4,,1
77,GS PID,Gain Scheduling PID,30.0,7,GS_PID_SP30_trial07.txt,29.88,-0.12,-0.4,0.12,0.4,0.0,0.0,20.52,13.64,12.907,14.931,0,AKURAT,True,TARGET,0.4,,1
78,GS PID,Gain Scheduling PID,30.0,8,GS_PID_SP30_trial08.txt,29.86,-0.14,-0.47,0.14,0.47,0.0,0.0,24.4,22.94,22.206,22.94,2,AKURAT,True,TARGET,0.4,,1
79,GS PID,Gain Scheduling PID,30.0,9,GS_PID_SP30_trial09.txt,29.66,-0.34,-1.14,0.34,1.14,0.0,0.0,26.98,23.45,20.651,23.708,1,AKURAT,True,TARGET,0.4,,1
80,GS PID,Gain Scheduling PID,30.0,10,GS_PID_SP30_trial10.txt,29.85,-0.15,-0.51,0.15,0.51,0.0,0.0,25.17,17.255,14.714,22.16,0,AKURAT,True,TARGET,0.4,,1
81,Manual Cepat,Manual Cepat,15.0,1,ManualCepat_SP15_trial01.txt,15.33,0.33,2.19,0.33,2.19,0.33,2.19,3.06,2.8,2.324,2.8,0,AKURAT,True,TARGET,0.4,,1
82,Manual Cepat,Manual Cepat,15.0,2,ManualCepat_SP15_trial02.txt,15.91,0.91,6.08,0.91,6.08,0.91,6.08,5.12,4.607,4.132,,0,OVERSHOOT,True,TARGET,0.4,,0
83,Manual Cepat,Manual Cepat,15.0,3,ManualCepat_SP15_trial03.txt,15.35,0.35,2.36,0.35,2.36,0.35,2.36,4.87,3.316,3.099,4.607,0,AKURAT,True,TARGET,0.4,,1
84,Manual Cepat,Manual Cepat,15.0,4,ManualCepat_SP15_trial04.txt,20.48,5.48,36.52,5.48,36.52,5.48,36.52,5.12,4.865,4.389,,0,OVERSHOOT,True,TARGET,0.4,,0
85,Manual Cepat,Manual Cepat,15.0,5,ManualCepat_SP15_trial05.txt,22.17,7.17,47.83,7.17,47.83,7.17,47.83,17.26,17.0,16.525,,2,OVERSHOOT,True,TARGET,0.4,,0
86,Manual Cepat,Manual Cepat,15.0,6,ManualCepat_SP15_trial06.txt,16.1,1.1,7.33,1.1,7.33,1.1,7.33,1.25,0.992,0.517,,0,OVERSHOOT,True,TARGET,0.4,,0
87,Manual Cepat,Manual Cepat,15.0,7,ManualCepat_SP15_trial07.txt,23.61,8.61,57.4,8.61,57.4,8.61,57.4,9.0,6.931,6.455,,0,OVERSHOOT,True,TARGET,0.4,,0
88,Manual Cepat,Manual Cepat,15.0,8,ManualCepat_SP15_trial08.txt,14.92,-0.08,-0.52,0.08,0.52,0.36,2.4,3.06,2.8,2.325,2.8,0,AKURAT,True,TARGET,0.4,,1
89,Manual Cepat,Manual Cepat,15.0,9,ManualCepat_SP15_trial09.txt,18.01,3.01,20.05,3.01,20.05,3.01,20.05,3.06,2.8,2.324,,0,OVERSHOOT,True,TARGET,0.4,,0
90,Manual Cepat,Manual Cepat,15.0,10,ManualCepat_SP15_trial10.txt,21.43,6.43,42.86,6.43,42.86,6.43,42.86,11.58,11.321,10.846,,1,OVERSHOOT,True,TARGET,0.4,,0
91,Manual Cepat,Manual Cepat,20.0,1,ManualCepat_SP20_trial01.txt,22.92,2.92,14.6,2.92,14.6,2.92,14.6,11.06,8.996,8.521,,0,OVERSHOOT,True,TARGET,0.4,,0
92,Manual Cepat,Manual Cepat,20.0,2,ManualCepat_SP20_trial02.txt,23.1,3.1,15.52,3.1,15.52,3.1,15.52,4.87,3.316,2.841,,0,OVERSHOOT,True,TARGET,0.4,,0
93,Manual Cepat,Manual Cepat,20.0,3,ManualCepat_SP20_trial03.txt,19.81,-0.19,-0.93,0.19,0.93,0.0,0.0,11.58,11.324,8.782,11.324,0,AKURAT,True,TARGET,0.4,,1
94,Manual Cepat,Manual Cepat,20.0,4,ManualCepat_SP20_trial04.txt,20.59,0.59,2.96,0.59,2.96,0.59,2.96,17.78,17.264,16.788,17.522,1,AKURAT,True,TARGET,0.4,,1
95,Manual Cepat,Manual Cepat,20.0,5,ManualCepat_SP20_trial05.txt,22.21,2.21,11.04,2.21,11.04,2.21,11.04,13.13,11.065,10.589,,0,OVERSHOOT,True,TARGET,0.4,,0
96,Manual Cepat,Manual Cepat,20.0,6,ManualCepat_SP20_trial06.txt,20.71,0.71,3.56,0.71,3.56,0.71,3.56,5.38,4.867,4.391,5.125,0,AKURAT,True,TARGET,0.4,,1
97,Manual Cepat,Manual Cepat,20.0,7,ManualCepat_SP20_trial07.txt,20.74,0.74,3.69,0.74,3.69,0.74,3.69,4.87,4.608,4.132,4.608,0,AKURAT,True,TARGET,0.4,,1
98,Manual Cepat,Manual Cepat,20.0,8,ManualCepat_SP20_trial08.txt,23.26,3.26,16.29,3.26,16.29,3.26,16.29,11.32,10.808,10.332,,0,OVERSHOOT,True,TARGET,0.4,,0
99,Manual Cepat,Manual Cepat,20.0,9,ManualCepat_SP20_trial09.txt,21.52,1.52,7.6,1.52,7.6,1.52,7.6,13.39,12.873,12.397,,1,OVERSHOOT,True,TARGET,0.4,,0
100,Manual Cepat,Manual Cepat,20.0,10,ManualCepat_SP20_trial10.txt,23.26,3.26,16.28,3.26,16.28,3.26,16.28,4.87,4.609,4.133,,0,OVERSHOOT,True,TARGET,0.4,,0
101,Manual Cepat,Manual Cepat,25.0,1,ManualCepat_SP25_trial01.txt,28.24,3.24,12.94,3.24,12.94,3.24,12.94,5.64,5.382,4.907,,0,OVERSHOOT,True,TARGET,0.4,,0
102,Manual Cepat,Manual Cepat,25.0,2,ManualCepat_SP25_trial02.txt,31.57,6.57,26.26,6.57,26.26,6.57,26.26,9.26,8.74,8.265,,0,OVERSHOOT,True,TARGET,0.4,,0
103,Manual Cepat,Manual Cepat,25.0,3,ManualCepat_SP25_trial03.txt,24.7,-0.3,-1.2,0.3,1.2,0.0,0.0,9.77,9.257,8.781,9.516,0,AKURAT,True,TARGET,0.4,,1
104,Manual Cepat,Manual Cepat,25.0,4,ManualCepat_SP25_trial04.txt,26.85,1.85,7.4,1.85,7.4,1.85,7.4,13.13,12.873,12.397,,0,OVERSHOOT,True,TARGET,0.4,,0
105,Manual Cepat,Manual Cepat,25.0,5,ManualCepat_SP25_trial05.txt,28.44,3.44,13.74,3.44,13.74,3.44,13.74,15.2,13.39,12.915,,0,OVERSHOOT,True,TARGET,0.4,,0
106,Manual Cepat,Manual Cepat,25.0,6,ManualCepat_SP25_trial06.txt,26.58,1.58,6.33,1.58,6.33,1.58,6.33,7.19,6.675,6.199,,0,OVERSHOOT,True,TARGET,0.4,,0
107,Manual Cepat,Manual Cepat,25.0,7,ManualCepat_SP25_trial07.txt,26.65,1.65,6.6,1.65,6.6,1.65,6.6,9.26,9.0,8.524,,0,OVERSHOOT,True,TARGET,0.4,,0
108,Manual Cepat,Manual Cepat,25.0,8,ManualCepat_SP25_trial08.txt,25.52,0.52,2.07,0.52,2.07,0.52,2.07,7.97,7.45,4.908,7.708,0,AKURAT,True,TARGET,0.4,,1
109,Manual Cepat,Manual Cepat,25.0,9,ManualCepat_SP25_trial09.txt,25.08,0.08,0.32,0.08,0.32,0.17,0.69,11.58,8.999,8.524,10.807,0,AKURAT,True,TARGET,0.4,,1
110,Manual Cepat,Manual Cepat,25.0,10,ManualCepat_SP25_trial10.txt,32.63,7.63,30.52,7.63,30.52,7.63,30.52,11.07,10.807,10.331,,0,OVERSHOOT,True,TARGET,0.4,,0
111,Manual Cepat,Manual Cepat,30.0,1,ManualCepat_SP30_trial01.txt,33.19,3.19,10.64,3.19,10.64,3.19,10.64,9.78,9.518,9.042,,0,OVERSHOOT,True,TARGET,0.4,,0
112,Manual Cepat,Manual Cepat,30.0,2,ManualCepat_SP30_trial02.txt,30.92,0.92,3.05,0.92,3.05,0.92,3.05,21.92,21.659,21.183,21.659,2,AKURAT,True,TARGET,0.4,,1
113,Manual Cepat,Manual Cepat,30.0,3,ManualCepat_SP30_trial03.txt,32.5,2.5,8.32,2.5,8.32,2.5,8.32,29.93,26.31,25.835,,2,OVERSHOOT,True,TARGET,0.4,,0
114,Manual Cepat,Manual Cepat,30.0,4,ManualCepat_SP30_trial04.txt,30.41,0.41,1.37,0.41,1.37,0.41,1.37,7.71,7.193,4.65,7.452,0,AKURAT,True,TARGET,0.4,,1
115,Manual Cepat,Manual Cepat,30.0,5,ManualCepat_SP30_trial05.txt,32.18,2.18,7.27,2.18,7.27,2.18,7.27,21.4,21.145,20.669,,0,OVERSHOOT,True,TARGET,0.4,,0
116,Manual Cepat,Manual Cepat,30.0,6,ManualCepat_SP30_trial06.txt,30.79,0.79,2.64,0.79,2.64,0.79,2.64,22.18,21.402,20.926,21.66,0,AKURAT,True,TARGET,0.4,,1
117,Manual Cepat,Manual Cepat,30.0,7,ManualCepat_SP30_trial07.txt,33.79,3.79,12.62,3.79,12.62,3.79,12.62,17.27,15.202,10.593,,1,OVERSHOOT,True,TARGET,0.4,,0
118,Manual Cepat,Manual Cepat,30.0,8,ManualCepat_SP30_trial08.txt,32.93,2.93,9.77,2.93,9.77,2.93,9.77,15.46,14.945,14.469,,0,OVERSHOOT,True,TARGET,0.4,,0
119,Manual Cepat,Manual Cepat,30.0,9,ManualCepat_SP30_trial09.txt,30.31,0.31,1.04,0.31,1.04,0.31,1.04,29.93,26.311,25.835,29.411,2,AKURAT,True,TARGET,0.4,,1
120,Manual Cepat,Manual Cepat,30.0,10,ManualCepat_SP30_trial10.txt,35.39,5.39,17.98,5.39,17.98,5.39,17.98,19.34,18.045,15.244,,0,OVERSHOOT,True,TARGET,0.4,,0
121,Manual Presisi,Manual Presisi,15.0,1,ManualPresisi_SP15_trial01.txt,16.47,1.47,9.8,1.47,9.8,1.47,9.8,23.46,21.395,14.204,,3,OVERSHOOT,True,TARGET,0.4,,0
122,Manual Presisi,Manual Presisi,15.0,2,ManualPresisi_SP15_trial02.txt,15.43,0.43,2.87,0.43,2.87,0.43,2.87,34.05,33.538,26.088,33.796,3,AKURAT,True,TARGET,0.4,,1
123,Manual Presisi,Manual Presisi,15.0,3,ManualPresisi_SP15_trial03.txt,15.16,0.16,1.06,0.16,1.06,0.32,2.13,56.78,54.459,51.917,56.267,3,AKURAT,True,TARGET,0.4,,1
124,Manual Presisi,Manual Presisi,15.0,4,ManualPresisi_SP15_trial04.txt,14.35,-0.65,-4.32,0.65,4.32,0.0,0.0,62.99,41.547,34.871,61.695,3,AKURAT,True,TARGET,0.4,,1
125,Manual Presisi,Manual Presisi,15.0,5,ManualPresisi_SP15_trial05.txt,16.62,1.62,10.77,1.62,10.77,1.62,10.77,29.66,29.144,24.535,,6,OVERSHOOT,True,TARGET,0.4,,0
126,Manual Presisi,Manual Presisi,15.0,6,ManualPresisi_SP15_trial06.txt,14.49,-0.51,-3.37,0.51,3.37,0.0,0.0,34.05,33.795,29.186,33.795,4,AKURAT,True,TARGET,0.4,,1
127,Manual Presisi,Manual Presisi,15.0,7,ManualPresisi_SP15_trial07.txt,15.89,0.89,5.91,0.89,5.91,0.89,5.91,15.2,12.874,5.683,,1,OVERSHOOT,True,TARGET,0.4,,0
128,Manual Presisi,Manual Presisi,15.0,8,ManualPresisi_SP15_trial08.txt,14.66,-0.34,-2.26,0.34,2.26,0.0,0.0,40.51,25.273,18.597,33.538,1,AKURAT,True,TARGET,0.4,,1
129,Manual Presisi,Manual Presisi,15.0,9,ManualPresisi_SP15_trial09.txt,15.4,0.4,2.68,0.4,2.68,0.4,2.68,33.8,31.471,28.154,33.28,4,AKURAT,True,TARGET,0.4,,1
130,Manual Presisi,Manual Presisi,15.0,10,ManualPresisi_SP15_trial10.txt,21.01,6.01,40.06,6.01,40.06,6.01,40.06,8.48,8.225,1.033,,1,OVERSHOOT,True,TARGET,0.4,,0
131,Manual Presisi,Manual Presisi,20.0,1,ManualPresisi_SP20_trial01.txt,23.33,3.33,16.67,3.33,16.67,3.33,16.67,67.88,66.329,61.721,,14,OVERSHOOT,True,TARGET,0.4,,0
132,Manual Presisi,Manual Presisi,20.0,2,ManualPresisi_SP20_trial02.txt,19.68,-0.32,-1.62,0.32,1.62,0.0,0.0,44.12,37.925,30.477,41.8,3,AKURAT,True,TARGET,0.4,,1
133,Manual Presisi,Manual Presisi,20.0,3,ManualPresisi_SP20_trial03.txt,23.75,3.75,18.77,3.75,18.77,3.75,18.77,38.7,38.44,33.573,,3,OVERSHOOT,True,TARGET,0.4,,0
134,Manual Presisi,Manual Presisi,20.0,4,ManualPresisi_SP20_trial04.txt,20.34,0.34,1.72,0.34,1.72,0.34,1.72,44.38,35.341,28.15,39.989,4,AKURAT,True,TARGET,0.4,,1
135,Manual Presisi,Manual Presisi,20.0,5,ManualPresisi_SP20_trial05.txt,25.23,5.23,26.17,5.23,26.17,5.23,26.17,20.62,20.359,13.169,,3,OVERSHOOT,True,TARGET,0.4,,0
136,Manual Presisi,Manual Presisi,20.0,6,ManualPresisi_SP20_trial06.txt,19.97,-0.03,-0.17,0.03,0.17,0.0,0.02,42.31,38.439,38.339,41.796,4,AKURAT,True,TARGET,0.4,,1
137,Manual Presisi,Manual Presisi,20.0,7,ManualPresisi_SP20_trial07.txt,19.95,-0.05,-0.26,0.05,0.26,0.0,0.0,44.89,44.635,40.027,44.635,7,AKURAT,True,TARGET,0.4,,1
138,Manual Presisi,Manual Presisi,20.0,8,ManualPresisi_SP20_trial08.txt,21.06,1.06,5.29,1.06,5.29,1.06,5.29,65.04,64.525,57.334,,2,OVERSHOOT,True,TARGET,0.4,,0
139,Manual Presisi,Manual Presisi,20.0,9,ManualPresisi_SP20_trial09.txt,19.38,-0.62,-3.09,0.62,3.09,0.0,0.0,28.88,28.365,21.175,28.624,3,AKURAT,True,TARGET,0.4,,1
140,Manual Presisi,Manual Presisi,20.0,10,ManualPresisi_SP20_trial10.txt,20.01,0.01,0.04,0.01,0.04,0.01,0.04,42.05,20.361,13.171,37.664,1,AKURAT,True,TARGET,0.4,,1
141,Manual Presisi,Manual Presisi,25.0,1,ManualPresisi_SP25_trial01.txt,24.78,-0.22,-0.86,0.22,0.86,0.0,0.0,81.58,42.577,37.71,81.323,3,AKURAT,True,TARGET,0.4,,1
142,Manual Presisi,Manual Presisi,25.0,2,ManualPresisi_SP25_trial02.txt,27.38,2.38,9.53,2.38,9.53,2.38,9.53,32.51,32.248,24.798,,4,OVERSHOOT,True,TARGET,0.4,,0
143,Manual Presisi,Manual Presisi,25.0,3,ManualPresisi_SP25_trial03.txt,32.6,7.6,30.4,7.6,30.4,7.6,30.4,38.96,38.448,30.998,,6,OVERSHOOT,True,TARGET,0.4,,0
144,Manual Presisi,Manual Presisi,25.0,4,ManualPresisi_SP25_trial04.txt,30.12,5.12,20.46,5.12,20.46,5.12,20.46,20.37,19.85,12.658,,3,OVERSHOOT,True,TARGET,0.4,,0
145,Manual Presisi,Manual Presisi,25.0,5,ManualPresisi_SP25_trial05.txt,24.9,-0.1,-0.4,0.1,0.4,0.0,0.0,40.25,39.738,32.288,39.996,6,AKURAT,True,TARGET,0.4,,1
146,Manual Presisi,Manual Presisi,25.0,6,ManualPresisi_SP25_trial06.txt,27.72,2.72,10.87,2.72,10.87,2.72,10.87,45.16,44.904,40.553,,8,OVERSHOOT,True,TARGET,0.4,,0
147,Manual Presisi,Manual Presisi,25.0,7,ManualPresisi_SP25_trial07.txt,24.67,-0.33,-1.34,0.33,1.34,0.0,0.0,51.88,44.643,40.293,48.0,6,AKURAT,True,TARGET,0.4,,1
148,Manual Presisi,Manual Presisi,25.0,8,ManualPresisi_SP25_trial08.txt,24.88,-0.12,-0.47,0.12,0.47,0.0,0.0,60.92,41.546,37.196,54.203,5,AKURAT,True,TARGET,0.4,,1
149,Manual Presisi,Manual Presisi,25.0,9,ManualPresisi_SP25_trial09.txt,24.84,-0.16,-0.65,0.16,0.65,0.0,0.0,69.19,63.245,55.795,66.862,10,AKURAT,True,TARGET,0.4,,1
150,Manual Presisi,Manual Presisi,25.0,10,ManualPresisi_SP25_trial10.txt,24.77,-0.23,-0.91,0.23,0.91,0.0,0.0,83.66,60.147,49.597,79.006,10,AKURAT,True,TARGET,0.4,,1
151,Manual Presisi,Manual Presisi,30.0,1,ManualPresisi_SP30_trial01.txt,31.11,1.11,3.69,1.11,3.69,1.11,3.69,72.8,72.283,63.283,72.541,11,AKURAT,True,TARGET,0.4,,1
152,Manual Presisi,Manual Presisi,30.0,2,ManualPresisi_SP30_trial02.txt,30.14,0.14,0.47,0.14,0.47,0.14,0.47,52.4,37.93,30.48,50.071,4,AKURAT,True,TARGET,0.4,,1
153,Manual Presisi,Manual Presisi,30.0,3,ManualPresisi_SP30_trial03.txt,30.0,0.0,0.01,0.0,0.01,0.0,0.01,51.88,51.363,43.912,51.363,6,AKURAT,True,TARGET,0.4,,1
154,Manual Presisi,Manual Presisi,30.0,4,ManualPresisi_SP30_trial04.txt,30.46,0.46,1.53,0.46,1.53,0.46,1.53,44.13,29.147,22.472,41.805,4,AKURAT,True,TARGET,0.4,,1
155,Manual Presisi,Manual Presisi,30.0,5,ManualPresisi_SP30_trial05.txt,32.24,2.24,7.46,2.24,7.46,2.24,7.46,81.58,69.441,65.091,,16,OVERSHOOT,True,TARGET,0.4,,0
156,Manual Presisi,Manual Presisi,30.0,6,ManualPresisi_SP30_trial06.txt,31.33,1.33,4.42,1.33,4.42,1.33,4.42,62.72,56.781,43.39,57.039,7,AKURAT,True,TARGET,0.4,,1
157,Manual Presisi,Manual Presisi,30.0,7,ManualPresisi_SP30_trial07.txt,37.25,7.25,24.18,7.25,24.18,7.25,24.18,82.09,81.578,75.42,,13,OVERSHOOT,True,TARGET,0.4,,0
158,Manual Presisi,Manual Presisi,30.0,8,ManualPresisi_SP30_trial08.txt,29.96,-0.04,-0.15,0.04,0.15,0.0,0.0,42.06,41.546,34.096,41.546,5,AKURAT,True,TARGET,0.4,,1
159,Manual Presisi,Manual Presisi,30.0,9,ManualPresisi_SP30_trial09.txt,29.65,-0.35,-1.16,0.35,1.16,0.0,0.0,56.01,53.941,46.491,53.941,8,AKURAT,True,TARGET,0.4,,1
160,Manual Presisi,Manual Presisi,30.0,10,ManualPresisi_SP30_trial10.txt,31.59,1.59,5.29,1.59,5.29,1.59,5.29,72.8,72.281,55.79,,11,OVERSHOOT,True,TARGET,0.4,,0
