No,Scenario,Controller,Setpoint_g,TrialNo,FileName,FinalMass_g,FinalError_g,FinalError_pct,AbsError_g,AbsError_pct,MaxOvershoot_g,MaxOvershoot_pct,Duration_s,TimeTo90_s,RiseTime_10_90_s,SettlingTime_s,BridgingCount,Status,Valid,StopReason,EarlyStop_g,Notes
1,Manual Cepat,Manual Cepat,15.0,1,ManualCepat_SP15_trial01.txt,15.33,0.33,2.19,0.33,2.19,0.33,2.19,3.06,2.8,2.324,2.8,0,AKURAT,TRUE,TARGET,0.4,
2,Manual Cepat,Manual Cepat,15.0,2,ManualCepat_SP15_trial02.txt,15.91,0.91,6.08,0.91,6.08,0.91,6.08,5.12,4.607,4.132,NA,0,OVERSHOOT,TRUE,TARGET,0.4,
3,Manual Cepat,Manual Cepat,15.0,3,ManualCepat_SP15_trial03.txt,15.35,0.35,2.36,0.35,2.36,0.35,2.36,4.87,3.316,3.099,4.607,0,AKURAT,TRUE,TARGET,0.4,
4,Manual Cepat,Manual Cepat,15.0,4,ManualCepat_SP15_trial04.txt,20.48,5.48,36.52,5.48,36.52,5.48,36.52,5.12,4.865,4.389,NA,0,OVERSHOOT,TRUE,TARGET,0.4,
5,Manual Cepat,Manual Cepat,15.0,5,ManualCepat_SP15_trial05.txt,22.17,7.17,47.83,7.17,47.83,7.17,47.83,17.26,17.0,16.525,NA,2,OVERSHOOT,TRUE,TARGET,0.4,
6,Manual Cepat,Manual Cepat,15.0,6,ManualCepat_SP15_trial06.txt,16.1,1.1,7.33,1.1,7.33,1.1,7.33,1.25,0.992,0.517,NA,0,OVERSHOOT,TRUE,TARGET,0.4,
7,Manual Cepat,Manual Cepat,15.0,7,ManualCepat_SP15_trial07.txt,23.61,8.61,57.4,8.61,57.4,8.61,57.4,9.0,6.931,6.455,NA,0,OVERSHOOT,TRUE,TARGET,0.4,
8,Manual Cepat,Manual Cepat,15.0,8,ManualCepat_SP15_trial08.txt,14.92,-0.08,-0.52,0.08,0.52,0.36,2.4,3.06,2.8,2.325,2.8,0,AKURAT,TRUE,TARGET,0.4,
9,Manual Cepat,Manual Cepat,15.0,9,ManualCepat_SP15_trial09.txt,18.01,3.01,20.05,3.01,20.05,3.01,20.05,3.06,2.8,2.324,NA,0,OVERSHOOT,TRUE,TARGET,0.4,
10,Manual Cepat,Manual Cepat,15.0,10,ManualCepat_SP15_trial10.txt,21.43,6.43,42.86,6.43,42.86,6.43,42.86,11.58,11.321,10.846,NA,1,OVERSHOOT,TRUE,TARGET,0.4,
11,Manual Cepat,Manual Cepat,20.0,1,ManualCepat_SP20_trial01.txt,22.92,2.92,14.6,2.92,14.6,2.92,14.6,11.06,8.996,8.521,NA,0,OVERSHOOT,TRUE,TARGET,0.4,
12,Manual Cepat,Manual Cepat,20.0,2,ManualCepat_SP20_trial02.txt,23.1,3.1,15.52,3.1,15.52,3.1,15.52,4.87,3.316,2.841,NA,0,OVERSHOOT,TRUE,TARGET,0.4,
13,Manual Cepat,Manual Cepat,20.0,3,ManualCepat_SP20_trial03.txt,19.81,-0.19,-0.93,0.19,0.93,0.0,0.0,11.58,11.324,8.782,11.324,0,AKURAT,TRUE,TARGET,0.4,
14,Manual Cepat,Manual Cepat,20.0,4,ManualCepat_SP20_trial04.txt,20.59,0.59,2.96,0.59,2.96,0.59,2.96,17.78,17.264,16.788,17.522,1,AKURAT,TRUE,TARGET,0.4,
15,Manual Cepat,Manual Cepat,20.0,5,ManualCepat_SP20_trial05.txt,22.21,2.21,11.04,2.21,11.04,2.21,11.04,13.13,11.065,10.589,NA,0,OVERSHOOT,TRUE,TARGET,0.4,
16,Manual Cepat,Manual Cepat,20.0,6,ManualCepat_SP20_trial06.txt,20.71,0.71,3.56,0.71,3.56,0.71,3.56,5.38,4.867,4.391,5.125,0,AKURAT,TRUE,TARGET,0.4,
17,Manual Cepat,Manual Cepat,20.0,7,ManualCepat_SP20_trial07.txt,20.74,0.74,3.69,0.74,3.69,0.74,3.69,4.87,4.608,4.132,4.608,0,AKURAT,TRUE,TARGET,0.4,
18,Manual Cepat,Manual Cepat,20.0,8,ManualCepat_SP20_trial08.txt,23.26,3.26,16.29,3.26,16.29,3.26,16.29,11.32,10.808,10.332,NA,0,OVERSHOOT,TRUE,TARGET,0.4,
19,Manual Cepat,Manual Cepat,20.0,9,ManualCepat_SP20_trial09.txt,21.52,1.52,7.6,1.52,7.6,1.52,7.6,13.39,12.873,12.397,NA,1,OVERSHOOT,TRUE,TARGET,0.4,
20,Manual Cepat,Manual Cepat,20.0,10,ManualCepat_SP20_trial10.txt,23.26,3.26,16.28,3.26,16.28,3.26,16.28,4.87,4.609,4.133,NA,0,OVERSHOOT,TRUE,TARGET,0.4,
21,Manual Cepat,Manual Cepat,25.0,1,ManualCepat_SP25_trial01.txt,28.24,3.24,12.94,3.24,12.94,3.24,12.94,5.64,5.382,4.907,NA,0,OVERSHOOT,TRUE,TARGET,0.4,
22,Manual Cepat,Manual Cepat,25.0,2,ManualCepat_SP25_trial02.txt,31.57,6.57,26.26,6.57,26.26,6.57,26.26,9.26,8.74,8.265,NA,0,OVERSHOOT,TRUE,TARGET,0.4,
23,Manual Cepat,Manual Cepat,25.0,3,ManualCepat_SP25_trial03.txt,24.7,-0.3,-1.2,0.3,1.2,0.0,0.0,9.77,9.257,8.781,9.516,0,AKURAT,TRUE,TARGET,0.4,
24,Manual Cepat,Manual Cepat,25.0,4,ManualCepat_SP25_trial04.txt,26.85,1.85,7.4,1.85,7.4,1.85,7.4,13.13,12.873,12.397,NA,0,OVERSHOOT,TRUE,TARGET,0.4,
25,Manual Cepat,Manual Cepat,25.0,5,ManualCepat_SP25_trial05.txt,28.44,3.44,13.74,3.44,13.74,3.44,13.74,15.2,13.39,12.915,NA,0,OVERSHOOT,TRUE,TARGET,0.4,
26,Manual Cepat,Manual Cepat,25.0,6,ManualCepat_SP25_trial06.txt,26.58,1.58,6.33,1.58,6.33,1.58,6.33,7.19,6.675,6.199,NA,0,OVERSHOOT,TRUE,TARGET,0.4,
27,Manual Cepat,Manual Cepat,25.0,7,ManualCepat_SP25_trial07.txt,26.65,1.65,6.6,1.65,6.6,1.65,6.6,9.26,9.0,8.524,NA,0,OVERSHOOT,TRUE,TARGET,0.4,
28,Manual Cepat,Manual Cepat,25.0,8,ManualCepat_SP25_trial08.txt,25.52,0.52,2.07,0.52,2.07,0.52,2.07,7.97,7.45,4.908,7.708,0,AKURAT,TRUE,TARGET,0.4,
29,Manual Cepat,Manual Cepat,25.0,9,ManualCepat_SP25_trial09.txt,25.08,0.08,0.32,0.08,0.32,0.17,0.69,11.58,8.999,8.524,10.807,0,AKURAT,TRUE,TARGET,0.4,
30,Manual Cepat,Manual Cepat,25.0,10,ManualCepat_SP25_trial10.txt,32.63,7.63,30.52,7.63,30.52,7.63,30.52,11.07,10.807,10.331,NA,0,OVERSHOOT,TRUE,TARGET,0.4,
31,Manual Cepat,Manual Cepat,30.0,1,ManualCepat_SP30_trial01.txt,33.19,3.19,10.64,3.19,10.64,3.19,10.64,9.78,9.518,9.042,NA,0,OVERSHOOT,TRUE,TARGET,0.4,
32,Manual Cepat,Manual Cepat,30.0,2,ManualCepat_SP30_trial02.txt,30.92,0.92,3.05,0.92,3.05,0.92,3.05,21.92,21.659,21.183,21.659,2,AKURAT,TRUE,TARGET,0.4,
33,Manual Cepat,Manual Cepat,30.0,3,ManualCepat_SP30_trial03.txt,32.5,2.5,8.32,2.5,8.32,2.5,8.32,29.93,26.31,25.835,NA,2,OVERSHOOT,TRUE,TARGET,0.4,
34,Manual Cepat,Manual Cepat,30.0,4,ManualCepat_SP30_trial04.txt,30.41,0.41,1.37,0.41,1.37,0.41,1.37,7.71,7.193,4.65,7.452,0,AKURAT,TRUE,TARGET,0.4,
35,Manual Cepat,Manual Cepat,30.0,5,ManualCepat_SP30_trial05.txt,32.18,2.18,7.27,2.18,7.27,2.18,7.27,21.4,21.145,20.669,NA,0,OVERSHOOT,TRUE,TARGET,0.4,
36,Manual Cepat,Manual Cepat,30.0,6,ManualCepat_SP30_trial06.txt,30.79,0.79,2.64,0.79,2.64,0.79,2.64,22.18,21.402,20.926,21.66,0,AKURAT,TRUE,TARGET,0.4,
37,Manual Cepat,Manual Cepat,30.0,7,ManualCepat_SP30_trial07.txt,33.79,3.79,12.62,3.79,12.62,3.79,12.62,17.27,15.202,10.593,NA,1,OVERSHOOT,TRUE,TARGET,0.4,
38,Manual Cepat,Manual Cepat,30.0,8,ManualCepat_SP30_trial08.txt,32.93,2.93,9.77,2.93,9.77,2.93,9.77,15.46,14.945,14.469,NA,0,OVERSHOOT,TRUE,TARGET,0.4,
39,Manual Cepat,Manual Cepat,30.0,9,ManualCepat_SP30_trial09.txt,30.31,0.31,1.04,0.31,1.04,0.31,1.04,29.93,26.311,25.835,29.411,2,AKURAT,TRUE,TARGET,0.4,
40,Manual Cepat,Manual Cepat,30.0,10,ManualCepat_SP30_trial10.txt,35.39,5.39,17.98,5.39,17.98,5.39,17.98,19.34,18.045,15.244,NA,0,OVERSHOOT,TRUE,TARGET,0.4,
41,Manual Presisi,Manual Presisi,15.0,1,ManualPresisi_SP15_trial01.txt,16.47,1.47,9.8,1.47,9.8,1.47,9.8,23.46,21.395,14.204,NA,3,OVERSHOOT,TRUE,TARGET,0.4,
42,Manual Presisi,Manual Presisi,15.0,2,ManualPresisi_SP15_trial02.txt,15.43,0.43,2.87,0.43,2.87,0.43,2.87,34.05,33.538,26.088,33.796,3,AKURAT,TRUE,TARGET,0.4,
43,Manual Presisi,Manual Presisi,15.0,3,ManualPresisi_SP15_trial03.txt,15.16,0.16,1.06,0.16,1.06,0.32,2.13,56.78,54.459,51.917,56.267,3,AKURAT,TRUE,TARGET,0.4,
44,Manual Presisi,Manual Presisi,15.0,4,ManualPresisi_SP15_trial04.txt,14.35,-0.65,-4.32,0.65,4.32,0.0,0.0,62.99,41.547,34.871,61.695,3,AKURAT,TRUE,TARGET,0.4,
45,Manual Presisi,Manual Presisi,15.0,5,ManualPresisi_SP15_trial05.txt,16.62,1.62,10.77,1.62,10.77,1.62,10.77,29.66,29.144,24.535,NA,6,OVERSHOOT,TRUE,TARGET,0.4,
46,Manual Presisi,Manual Presisi,15.0,6,ManualPresisi_SP15_trial06.txt,14.49,-0.51,-3.37,0.51,3.37,0.0,0.0,34.05,33.795,29.186,33.795,4,AKURAT,TRUE,TARGET,0.4,
47,Manual Presisi,Manual Presisi,15.0,7,ManualPresisi_SP15_trial07.txt,15.89,0.89,5.91,0.89,5.91,0.89,5.91,15.2,12.874,5.683,NA,1,OVERSHOOT,TRUE,TARGET,0.4,
48,Manual Presisi,Manual Presisi,15.0,8,ManualPresisi_SP15_trial08.txt,14.66,-0.34,-2.26,0.34,2.26,0.0,0.0,40.51,25.273,18.597,33.538,1,AKURAT,TRUE,TARGET,0.4,
49,Manual Presisi,Manual Presisi,15.0,9,ManualPresisi_SP15_trial09.txt,15.4,0.4,2.68,0.4,2.68,0.4,2.68,33.8,31.471,28.154,33.28,4,AKURAT,TRUE,TARGET,0.4,
50,Manual Presisi,Manual Presisi,15.0,10,ManualPresisi_SP15_trial10.txt,21.01,6.01,40.06,6.01,40.06,6.01,40.06,8.48,8.225,1.033,NA,1,OVERSHOOT,TRUE,TARGET,0.4,
51,Manual Presisi,Manual Presisi,20.0,1,ManualPresisi_SP20_trial01.txt,23.33,3.33,16.67,3.33,16.67,3.33,16.67,67.88,66.329,61.721,NA,14,OVERSHOOT,TRUE,TARGET,0.4,
52,Manual Presisi,Manual Presisi,20.0,2,ManualPresisi_SP20_trial02.txt,19.68,-0.32,-1.62,0.32,1.62,0.0,0.0,44.12,37.925,30.477,41.8,3,AKURAT,TRUE,TARGET,0.4,
53,Manual Presisi,Manual Presisi,20.0,3,ManualPresisi_SP20_trial03.txt,23.75,3.75,18.77,3.75,18.77,3.75,18.77,38.7,38.44,33.573,NA,3,OVERSHOOT,TRUE,TARGET,0.4,
54,Manual Presisi,Manual Presisi,20.0,4,ManualPresisi_SP20_trial04.txt,20.34,0.34,1.72,0.34,1.72,0.34,1.72,44.38,35.341,28.15,39.989,4,AKURAT,TRUE,TARGET,0.4,
55,Manual Presisi,Manual Presisi,20.0,5,ManualPresisi_SP20_trial05.txt,25.23,5.23,26.17,5.23,26.17,5.23,26.17,20.62,20.359,13.169,NA,3,OVERSHOOT,TRUE,TARGET,0.4,
56,Manual Presisi,Manual Presisi,20.0,6,ManualPresisi_SP20_trial06.txt,19.97,-0.03,-0.17,0.03,0.17,0.0,0.02,42.31,38.439,38.339,41.796,4,AKURAT,TRUE,TARGET,0.4,
57,Manual Presisi,Manual Presisi,20.0,7,ManualPresisi_SP20_trial07.txt,19.95,-0.05,-0.26,0.05,0.26,0.0,0.0,44.89,44.635,40.027,44.635,7,AKURAT,TRUE,TARGET,0.4,
58,Manual Presisi,Manual Presisi,20.0,8,ManualPresisi_SP20_trial08.txt,21.06,1.06,5.29,1.06,5.29,1.06,5.29,65.04,64.525,57.334,NA,2,OVERSHOOT,TRUE,TARGET,0.4,
59,Manual Presisi,Manual Presisi,20.0,9,ManualPresisi_SP20_trial09.txt,19.38,-0.62,-3.09,0.62,3.09,0.0,0.0,28.88,28.365,21.175,28.624,3,AKURAT,TRUE,TARGET,0.4,
60,Manual Presisi,Manual Presisi,20.0,10,ManualPresisi_SP20_trial10.txt,20.01,0.01,0.04,0.01,0.04,0.01,0.04,42.05,20.361,13.171,37.664,1,AKURAT,TRUE,TARGET,0.4,
61,Manual Presisi,Manual Presisi,25.0,1,ManualPresisi_SP25_trial01.txt,24.78,-0.22,-0.86,0.22,0.86,0.0,0.0,81.58,42.577,37.71,81.323,3,AKURAT,TRUE,TARGET,0.4,
62,Manual Presisi,Manual Presisi,25.0,2,ManualPresisi_SP25_trial02.txt,27.38,2.38,9.53,2.38,9.53,2.38,9.53,32.51,32.248,24.798,NA,4,OVERSHOOT,TRUE,TARGET,0.4,
63,Manual Presisi,Manual Presisi,25.0,3,ManualPresisi_SP25_trial03.txt,32.6,7.6,30.4,7.6,30.4,7.6,30.4,38.96,38.448,30.998,NA,6,OVERSHOOT,TRUE,TARGET,0.4,
64,Manual Presisi,Manual Presisi,25.0,4,ManualPresisi_SP25_trial04.txt,30.12,5.12,20.46,5.12,20.46,5.12,20.46,20.37,19.85,12.658,NA,3,OVERSHOOT,TRUE,TARGET,0.4,
65,Manual Presisi,Manual Presisi,25.0,5,ManualPresisi_SP25_trial05.txt,24.9,-0.1,-0.4,0.1,0.4,0.0,0.0,40.25,39.738,32.288,39.996,6,AKURAT,TRUE,TARGET,0.4,
66,Manual Presisi,Manual Presisi,25.0,6,ManualPresisi_SP25_trial06.txt,27.72,2.72,10.87,2.72,10.87,2.72,10.87,45.16,44.904,40.553,NA,8,OVERSHOOT,TRUE,TARGET,0.4,
67,Manual Presisi,Manual Presisi,25.0,7,ManualPresisi_SP25_trial07.txt,24.67,-0.33,-1.34,0.33,1.34,0.0,0.0,51.88,44.643,40.293,48.0,6,AKURAT,TRUE,TARGET,0.4,
68,Manual Presisi,Manual Presisi,25.0,8,ManualPresisi_SP25_trial08.txt,24.88,-0.12,-0.47,0.12,0.47,0.0,0.0,60.92,41.546,37.196,54.203,5,AKURAT,TRUE,TARGET,0.4,
69,Manual Presisi,Manual Presisi,25.0,9,ManualPresisi_SP25_trial09.txt,24.84,-0.16,-0.65,0.16,0.65,0.0,0.0,69.19,63.245,55.795,66.862,10,AKURAT,TRUE,TARGET,0.4,
70,Manual Presisi,Manual Presisi,25.0,10,ManualPresisi_SP25_trial10.txt,24.77,-0.23,-0.91,0.23,0.91,0.0,0.0,83.66,60.147,49.597,79.006,10,AKURAT,TRUE,TARGET,0.4,
71,Manual Presisi,Manual Presisi,30.0,1,ManualPresisi_SP30_trial01.txt,31.11,1.11,3.69,1.11,3.69,1.11,3.69,72.8,72.283,63.283,72.541,11,AKURAT,TRUE,TARGET,0.4,
72,Manual Presisi,Manual Presisi,30.0,2,ManualPresisi_SP30_trial02.txt,30.14,0.14,0.47,0.14,0.47,0.14,0.47,52.4,37.93,30.48,50.071,4,AKURAT,TRUE,TARGET,0.4,
73,Manual Presisi,Manual Presisi,30.0,3,ManualPresisi_SP30_trial03.txt,30.0,0.0,0.01,0.0,0.01,0.0,0.01,51.88,51.363,43.912,51.363,6,AKURAT,TRUE,TARGET,0.4,
74,Manual Presisi,Manual Presisi,30.0,4,ManualPresisi_SP30_trial04.txt,30.46,0.46,1.53,0.46,1.53,0.46,1.53,44.13,29.147,22.472,41.805,4,AKURAT,TRUE,TARGET,0.4,
75,Manual Presisi,Manual Presisi,30.0,5,ManualPresisi_SP30_trial05.txt,32.24,2.24,7.46,2.24,7.46,2.24,7.46,81.58,69.441,65.091,NA,16,OVERSHOOT,TRUE,TARGET,0.4,
76,Manual Presisi,Manual Presisi,30.0,6,ManualPresisi_SP30_trial06.txt,31.33,1.33,4.42,1.33,4.42,1.33,4.42,62.72,56.781,43.39,57.039,7,AKURAT,TRUE,TARGET,0.4,
77,Manual Presisi,Manual Presisi,30.0,7,ManualPresisi_SP30_trial07.txt,37.25,7.25,24.18,7.25,24.18,7.25,24.18,82.09,81.578,75.42,NA,13,OVERSHOOT,TRUE,TARGET,0.4,
78,Manual Presisi,Manual Presisi,30.0,8,ManualPresisi_SP30_trial08.txt,29.96,-0.04,-0.15,0.04,0.15,0.0,0.0,42.06,41.546,34.096,41.546,5,AKURAT,TRUE,TARGET,0.4,
79,Manual Presisi,Manual Presisi,30.0,9,ManualPresisi_SP30_trial09.txt,29.65,-0.35,-1.16,0.35,1.16,0.0,0.0,56.01,53.941,46.491,53.941,8,AKURAT,TRUE,TARGET,0.4,
80,Manual Presisi,Manual Presisi,30.0,10,ManualPresisi_SP30_trial10.txt,31.59,1.59,5.29,1.59,5.29,1.59,5.29,72.8,72.281,55.79,NA,11,OVERSHOOT,TRUE,TARGET,0.4,
81,Fixed PID,Fixed PID,15.0,1,Fixed PID_SP15_trial01.txt,14.89,-0.11,-0.73,0.11,0.73,0.0,0.0,33.18,23.713,21.172,31.718,1,AKURAT,TRUE,TARGET,0.4,
82,Fixed PID,Fixed PID,15.0,2,Fixed PID_SP15_trial02.txt,14.54,-0.46,-3.07,0.46,3.07,0.0,0.0,15.88,13.902,11.102,13.902,1,AKURAT,TRUE,TARGET,0.4,
83,Fixed PID,Fixed PID,15.0,3,Fixed PID_SP15_trial03.txt,14.75,-0.25,-1.7,0.25,1.7,0.0,0.0,26.98,25.261,20.654,25.261,3,AKURAT,TRUE,TARGET,0.4,
84,Fixed PID,Fixed PID,15.0,4,Fixed PID_SP15_trial04.txt,14.84,-0.16,-1.06,0.16,1.06,0.0,0.0,18.72,14.933,12.392,16.999,2,AKURAT,TRUE,TARGET,0.4,
85,Fixed PID,Fixed PID,15.0,5,Fixed PID_SP15_trial05.txt,14.44,-0.56,-3.73,0.56,3.73,0.0,0.0,15.11,12.869,10.328,13.127,0,AKURAT,TRUE,TARGET,0.4,
86,Fixed PID,Fixed PID,15.0,6,Fixed PID_SP15_trial06.txt,16.82,1.82,12.1,1.82,12.1,1.93,12.88,15.88,14.159,11.617,NA,1,OVERSHOOT,TRUE,TARGET,0.4,
87,Fixed PID,Fixed PID,15.0,7,Fixed PID_SP15_trial07.txt,15.34,0.34,2.27,0.34,2.27,0.45,3.03,27.24,23.456,20.914,25.522,0,AKURAT,TRUE,TARGET,0.4,
88,Fixed PID,Fixed PID,15.0,8,Fixed PID_SP15_trial08.txt,14.95,-0.05,-0.36,0.05,0.36,0.0,0.0,24.66,13.644,11.102,23.198,1,AKURAT,TRUE,TARGET,0.4,
89,Fixed PID,Fixed PID,15.0,9,Fixed PID_SP15_trial09.txt,16.04,1.04,6.96,1.04,6.96,1.04,6.96,16.66,11.062,8.52,NA,0,OVERSHOOT,TRUE,TARGET,0.4,
90,Fixed PID,Fixed PID,15.0,10,Fixed PID_SP15_trial10.txt,19.28,4.28,28.51,4.28,28.51,4.28,28.51,15.11,13.644,11.102,NA,1,OVERSHOOT,TRUE,TARGET,0.4,
91,Fixed PID,Fixed PID,20.0,1,Fixed PID_SP20_trial01.txt,20.39,0.39,1.95,0.39,1.95,0.39,1.95,28.79,25.264,24.529,27.329,0,AKURAT,TRUE,TARGET,0.4,
92,Fixed PID,Fixed PID,20.0,2,Fixed PID_SP20_trial02.txt,20.29,0.29,1.44,0.29,1.44,0.29,1.44,39.12,27.586,25.045,35.848,1,AKURAT,TRUE,TARGET,0.4,
93,Fixed PID,Fixed PID,20.0,3,Fixed PID_SP20_trial03.txt,21.56,1.56,7.79,1.56,7.79,1.56,7.79,33.7,32.235,29.693,NA,1,OVERSHOOT,TRUE,TARGET,0.4,
94,Fixed PID,Fixed PID,20.0,4,Fixed PID_SP20_trial04.txt,20.19,0.19,0.96,0.19,0.96,0.35,1.76,26.98,23.713,22.979,25.262,1,AKURAT,TRUE,TARGET,0.4,
95,Fixed PID,Fixed PID,20.0,5,Fixed PID_SP20_trial05.txt,22.57,2.57,12.86,2.57,12.86,2.57,12.86,24.66,23.197,20.655,NA,1,OVERSHOOT,TRUE,TARGET,0.4,
96,Fixed PID,Fixed PID,20.0,6,Fixed PID_SP20_trial06.txt,19.86,-0.14,-0.68,0.14,0.68,0.0,0.0,24.92,17.259,14.718,23.198,0,AKURAT,TRUE,TARGET,0.4,
97,Fixed PID,Fixed PID,20.0,7,Fixed PID_SP20_trial07.txt,19.85,-0.15,-0.77,0.15,0.77,0.04,0.2,43.51,38.432,35.89,40.756,4,AKURAT,TRUE,TARGET,0.4,
98,Fixed PID,Fixed PID,20.0,8,Fixed PID_SP20_trial08.txt,20.87,0.87,4.37,0.87,4.37,0.87,4.37,35.25,33.526,30.984,33.784,5,AKURAT,TRUE,TARGET,0.4,
99,Fixed PID,Fixed PID,20.0,9,Fixed PID_SP20_trial09.txt,19.93,-0.07,-0.35,0.07,0.35,0.0,0.0,34.99,25.522,24.53,31.461,2,AKURAT,TRUE,TARGET,0.4,
100,Fixed PID,Fixed PID,20.0,10,Fixed PID_SP20_trial10.txt,19.49,-0.51,-2.57,0.51,2.57,0.0,0.0,74.5,17.002,14.461,70.453,0,AKURAT,TRUE,TARGET,0.4,
101,Fixed PID,Fixed PID,25.0,1,Fixed PID_SP25_trial01.txt,24.86,-0.14,-0.56,0.14,0.56,0.0,0.0,41.45,37.661,35.119,37.661,4,AKURAT,TRUE,TARGET,0.4,
102,Fixed PID,Fixed PID,25.0,2,Fixed PID_SP25_trial02.txt,24.75,-0.25,-1.01,0.25,1.01,0.0,0.0,24.92,21.135,18.593,23.201,1,AKURAT,TRUE,TARGET,0.4,
103,Fixed PID,Fixed PID,25.0,3,Fixed PID_SP25_trial03.txt,24.77,-0.23,-0.93,0.23,0.93,0.0,0.0,64.17,50.831,48.289,57.803,7,AKURAT,TRUE,TARGET,0.4,
104,Fixed PID,Fixed PID,25.0,4,Fixed PID_SP25_trial04.txt,24.38,-0.62,-2.47,0.62,2.47,0.0,0.0,52.04,21.137,18.595,45.93,0,AKURAT,TRUE,TARGET,0.4,
105,Fixed PID,Fixed PID,25.0,5,Fixed PID_SP25_trial05.txt,26.19,1.19,4.78,1.19,4.78,1.19,4.78,31.12,29.657,27.115,29.657,4,AKURAT,TRUE,TARGET,0.4,
106,Fixed PID,Fixed PID,25.0,6,Fixed PID_SP25_trial06.txt,25.6,0.6,2.4,0.6,2.4,0.6,2.4,30.86,23.461,20.919,28.368,0,AKURAT,TRUE,TARGET,0.4,
107,Fixed PID,Fixed PID,25.0,7,Fixed PID_SP25_trial07.txt,31.19,6.19,24.78,6.19,24.78,6.19,24.78,58.49,56.771,52.163,NA,10,OVERSHOOT,TRUE,TARGET,0.4,
108,Fixed PID,Fixed PID,25.0,8,Fixed PID_SP25_trial08.txt,25.59,0.59,2.38,0.59,2.38,0.59,2.38,70.11,50.572,45.706,66.583,6,AKURAT,TRUE,TARGET,0.4,
109,Fixed PID,Fixed PID,25.0,9,Fixed PID_SP25_trial09.txt,25.37,0.37,1.48,0.37,1.48,0.37,1.48,49.46,47.992,45.45,47.992,8,AKURAT,TRUE,TARGET,0.4,
110,Fixed PID,Fixed PID,25.0,10,Fixed PID_SP25_trial10.txt,25.03,0.03,0.11,0.03,0.11,0.03,0.11,45.33,35.599,33.057,41.797,4,AKURAT,TRUE,TARGET,0.4,
111,Fixed PID,Fixed PID,30.0,1,Fixed_PID_SP30_trial01.txt,29.91,-0.09,-0.31,0.09,0.31,0.0,0.0,22.6,13.905,13.17,17.004,1,AKURAT,TRUE,TARGET,0.4,
112,Fixed PID,Fixed PID,30.0,2,Fixed_PID_SP30_trial02.txt,29.92,-0.08,-0.26,0.08,0.26,0.0,0.0,46.62,44.638,42.096,44.897,3,AKURAT,TRUE,TARGET,0.4,
113,Fixed PID,Fixed PID,30.0,3,Fixed_PID_SP30_trial03.txt,30.31,0.31,1.03,0.31,1.03,0.31,1.03,47.39,25.786,23.244,42.056,1,AKURAT,TRUE,TARGET,0.4,
114,Fixed PID,Fixed PID,30.0,4,Fixed_PID_SP30_trial04.txt,30.07,0.07,0.24,0.07,0.24,0.07,0.24,28.8,23.201,20.659,25.266,1,AKURAT,TRUE,TARGET,0.4,
115,Fixed PID,Fixed PID,30.0,5,Fixed_PID_SP30_trial05.txt,30.13,0.13,0.42,0.13,0.42,0.13,0.42,63.92,53.673,51.131,60.129,10,AKURAT,TRUE,TARGET,0.4,
116,Fixed PID,Fixed PID,30.0,6,Fixed_PID_SP30_trial06.txt,30.67,0.67,2.24,0.67,2.24,0.67,2.24,27.51,26.043,23.501,26.043,2,AKURAT,TRUE,TARGET,0.4,
117,Fixed PID,Fixed PID,30.0,7,Fixed_PID_SP30_trial07.txt,33.36,3.36,11.2,3.36,11.2,3.36,11.2,28.02,26.3,23.758,NA,1,OVERSHOOT,TRUE,TARGET,0.4,
118,Fixed PID,Fixed PID,30.0,8,Fixed_PID_SP30_trial08.txt,30.32,0.32,1.08,0.32,1.08,0.32,1.08,26.73,20.103,17.561,23.202,1,AKURAT,TRUE,TARGET,0.4,
119,Fixed PID,Fixed PID,30.0,9,Fixed_PID_SP30_trial09.txt,30.15,0.15,0.51,0.15,0.51,0.15,0.51,62.11,19.845,19.111,58.582,1,AKURAT,TRUE,TARGET,0.4,
120,Fixed PID,Fixed PID,30.0,10,Fixed_PID_SP30_trial10.txt,32.81,2.81,9.36,2.81,9.36,2.81,9.36,27.76,26.043,23.5,NA,3,OVERSHOOT,TRUE,TARGET,0.4,
121,GS PID,Gain Scheduling PID,15.0,1,GSPID_SSP15_trial01.txt,14.63,-0.37,-2.45,0.37,2.45,0.0,0.0,12.01,10.546,9.812,10.546,1,AKURAT,TRUE,TARGET,0.4,
122,GS PID,Gain Scheduling PID,15.0,2,GSPID_SSP15_trial02.txt,14.76,-0.24,-1.6,0.24,1.6,0.0,0.0,16.65,14.934,14.2,15.192,0,AKURAT,TRUE,TARGET,0.4,
123,GS PID,Gain Scheduling PID,15.0,3,GSPID_SSP15_trial03.txt,15.16,0.16,1.07,0.16,1.07,0.19,1.25,13.56,10.803,10.069,10.803,1,AKURAT,TRUE,TARGET,0.4,
124,GS PID,Gain Scheduling PID,15.0,4,GSPID_SSP15_trial04.txt,14.93,-0.07,-0.5,0.07,0.5,0.0,0.0,12.52,10.804,8.263,11.062,0,AKURAT,TRUE,TARGET,0.4,
125,GS PID,Gain Scheduling PID,15.0,5,GSPID_SSP15_trial05.txt,16.03,1.03,6.88,1.03,6.88,1.12,7.43,12.52,10.803,10.069,NA,1,OVERSHOOT,TRUE,TARGET,0.4,
126,GS PID,Gain Scheduling PID,15.0,6,GSPID_SSP15_trial06.txt,14.72,-0.28,-1.84,0.28,1.84,0.0,0.0,8.13,4.864,2.581,6.672,0,AKURAT,TRUE,TARGET,0.4,
127,GS PID,Gain Scheduling PID,15.0,7,GSPID_SSP15_trial07.txt,15.04,0.04,0.24,0.04,0.24,0.04,0.24,37.32,29.658,28.924,33.79,0,AKURAT,TRUE,TARGET,0.4,
128,GS PID,Gain Scheduling PID,15.0,8,GSPID_SSP15_trial08.txt,15.35,0.35,2.36,0.35,2.36,0.41,2.76,14.59,12.871,12.395,12.871,0,AKURAT,TRUE,TARGET,0.4,
129,GS PID,Gain Scheduling PID,15.0,9,GSPID_SSP15_trial09.txt,14.82,-0.18,-1.17,0.18,1.17,0.0,0.0,10.46,8.996,6.455,8.996,0,AKURAT,TRUE,TARGET,0.4,
130,GS PID,Gain Scheduling PID,15.0,10,GSPID_SSP15_trial10.txt,14.9,-0.1,-0.65,0.1,0.65,0.09,0.6,16.66,13.129,12.653,14.679,0,AKURAT,TRUE,TARGET,0.4,
131,GS PID,Gain Scheduling PID,20.0,1,GS_PID_SP20_trial01.txt,20.55,0.55,2.74,0.55,2.74,0.55,2.74,20.54,13.132,12.397,14.94,0,AKURAT,TRUE,TARGET,0.4,
132,GS PID,Gain Scheduling PID,20.0,2,GS_PID_SP20_trial02.txt,20.93,0.93,4.65,0.93,4.65,0.93,4.65,9.17,7.446,6.712,7.705,1,AKURAT,TRUE,TARGET,0.4,
133,GS PID,Gain Scheduling PID,20.0,3,GS_PID_SP20_trial03.txt,22.1,2.1,10.49,2.1,10.49,2.1,10.49,21.3,19.839,19.105,NA,1,OVERSHOOT,TRUE,TARGET,0.4,
134,GS PID,Gain Scheduling PID,20.0,4,GS_PID_SP20_trial04.txt,20.44,0.44,2.18,0.44,2.18,0.44,2.18,20.52,17.256,16.522,18.547,1,AKURAT,TRUE,TARGET,0.4,
135,GS PID,Gain Scheduling PID,20.0,5,GS_PID_SP20_trial05.txt,21.22,1.22,6.09,1.22,6.09,1.22,6.09,20.79,17.777,17.043,NA,1,OVERSHOOT,TRUE,TARGET,0.4,
136,GS PID,Gain Scheduling PID,20.0,6,GS_PID_SP20_trial06.txt,19.59,-0.41,-2.05,0.41,2.05,0.0,0.0,18.98,17.004,16.27,17.262,1,AKURAT,TRUE,TARGET,0.4,
137,GS PID,Gain Scheduling PID,20.0,7,GS_PID_SP20_trial07.txt,19.87,-0.13,-0.67,0.13,0.67,0.0,0.0,20.79,8.998,8.264,17.004,0,AKURAT,TRUE,TARGET,0.4,
138,GS PID,Gain Scheduling PID,20.0,8,GS_PID_SP20_trial08.txt,20.92,0.92,4.58,0.92,4.58,0.92,4.58,12.01,10.547,9.813,10.547,1,AKURAT,TRUE,TARGET,0.4,
139,GS PID,Gain Scheduling PID,20.0,9,GS_PID_SP20_trial09.txt,19.46,-0.54,-2.7,0.54,2.7,0.0,0.0,14.59,12.355,11.621,12.872,0,AKURAT,TRUE,TARGET,0.4,
140,GS PID,Gain Scheduling PID,20.0,10,GS_PID_SP20_trial10.txt,19.78,-0.22,-1.11,0.22,1.11,0.0,0.0,25.18,19.071,18.337,23.461,1,AKURAT,TRUE,TARGET,0.4,
141,GS PID,Gain Scheduling PID,25.0,1,GS_PID_SP25_trial01.txt,25.84,0.84,3.36,0.84,3.36,0.84,3.36,15.11,13.388,12.654,13.647,1,AKURAT,TRUE,TARGET,0.4,
142,GS PID,Gain Scheduling PID,25.0,2,GS_PID_SP25_trial02.txt,25.5,0.5,2.01,0.5,2.01,0.5,2.01,18.47,13.647,11.622,15.196,1,AKURAT,TRUE,TARGET,0.4,
143,GS PID,Gain Scheduling PID,25.0,3,GS_PID_SP25_trial03.txt,26.84,1.84,7.37,1.84,7.37,1.84,7.37,10.46,6.932,6.198,NA,0,OVERSHOOT,TRUE,TARGET,0.4,
144,GS PID,Gain Scheduling PID,25.0,4,GS_PID_SP25_trial04.txt,25.02,0.02,0.08,0.02,0.08,0.02,0.08,39.39,25.529,24.795,31.727,1,AKURAT,TRUE,TARGET,0.4,
145,GS PID,Gain Scheduling PID,25.0,5,GS_PID_SP25_trial05.txt,24.14,-0.86,-3.44,0.86,3.44,0.0,0.0,12.79,10.807,10.072,11.066,0,AKURAT,TRUE,TARGET,0.4,
146,GS PID,Gain Scheduling PID,25.0,6,GS_PID_SP25_trial06.txt,24.58,-0.42,-1.67,0.42,1.67,0.0,0.0,16.66,13.132,12.139,14.94,1,AKURAT,TRUE,TARGET,0.4,
147,GS PID,Gain Scheduling PID,25.0,7,GS_PID_SP25_trial07.txt,25.88,0.88,3.52,0.88,3.52,0.88,3.52,32.93,21.138,20.404,29.403,0,AKURAT,TRUE,TARGET,0.4,
148,GS PID,Gain Scheduling PID,25.0,8,GS_PID_SP25_trial08.txt,25.45,0.45,1.79,0.45,1.79,0.45,1.79,26.73,23.205,22.471,23.721,0,AKURAT,TRUE,TARGET,0.4,
149,GS PID,Gain Scheduling PID,25.0,9,GS_PID_SP25_trial09.txt,24.54,-0.46,-1.86,0.46,1.86,0.0,0.0,54.89,17.264,16.53,43.869,0,AKURAT,TRUE,TARGET,0.4,
150,GS PID,Gain Scheduling PID,25.0,10,GS_PID_SP25_trial10.txt,25.29,0.29,1.15,0.29,1.15,0.29,1.15,20.79,14.165,13.431,19.073,0,AKURAT,TRUE,TARGET,0.4,
151,GS PID,Gain Scheduling PID,30.0,1,GS_PID_SP30_trial01.txt,31.15,1.15,3.84,1.15,3.84,1.15,3.84,24.67,19.072,16.788,21.138,1,AKURAT,TRUE,TARGET,0.4,
152,GS PID,Gain Scheduling PID,30.0,2,GS_PID_SP30_trial02.txt,29.83,-0.17,-0.57,0.17,0.57,0.0,0.0,20.8,17.007,15.498,17.265,0,AKURAT,TRUE,TARGET,0.4,
153,GS PID,Gain Scheduling PID,30.0,3,GS_PID_SP30_trial03.txt,30.17,0.17,0.58,0.17,0.58,0.17,0.58,24.93,21.399,16.79,22.173,0,AKURAT,TRUE,TARGET,0.4,
154,GS PID,Gain Scheduling PID,30.0,4,GS_PID_SP30_trial04.txt,29.64,-0.36,-1.19,0.36,1.19,0.0,0.0,21.05,13.649,12.914,19.332,1,AKURAT,TRUE,TARGET,0.4,
155,GS PID,Gain Scheduling PID,30.0,5,GS_PID_SP30_trial05.txt,30.23,0.23,0.76,0.23,0.76,0.23,0.76,53.6,21.14,18.597,50.33,0,AKURAT,TRUE,TARGET,0.4,
156,GS PID,Gain Scheduling PID,30.0,6,GS_PID_SP30_trial06.txt,30.25,0.25,0.82,0.25,0.82,0.25,0.82,25.18,23.206,20.663,23.464,2,AKURAT,TRUE,TARGET,0.4,
157,GS PID,Gain Scheduling PID,30.0,7,GS_PID_SP30_trial07.txt,29.69,-0.31,-1.02,0.31,1.02,0.0,0.0,25.96,12.874,10.331,19.074,0,AKURAT,TRUE,TARGET,0.4,
158,GS PID,Gain Scheduling PID,30.0,8,GS_PID_SP30_trial08.txt,34.73,4.73,15.77,4.73,15.77,4.73,15.77,21.83,20.366,19.631,NA,1,OVERSHOOT,TRUE,TARGET,0.4,
159,GS PID,Gain Scheduling PID,30.0,9,GS_PID_SP30_trial09.txt,29.58,-0.42,-1.39,0.42,1.39,0.0,0.0,25.18,20.622,19.887,22.947,0,AKURAT,TRUE,TARGET,0.4,
160,GS PID,Gain Scheduling PID,30.0,10,GS_PID_SP30_trial10.txt,29.92,-0.08,-0.25,0.08,0.25,0.01,0.02,22.86,19.333,18.598,21.141,0,AKURAT,TRUE,TARGET,0.4,
