FileName,ControllerFolder,SetpointFolder,EarlyStopFolder,ParseStatus,QC_Flags,Controller,Setpoint_g,EarlyStop_g,StopTarget_g,FinalMass_g,FinalError_g,FinalError_pct,Duration_ms,Duration_s,TimeTo90_ms,RiseTime_10_90_ms,TimeToTolerance_ms,SettlingTime_ms,SettlingTol_pct,SettlingTol_g,MaxMass_g,MaxOvershoot_g,MaxOvershoot_pct,BridgingCount,Status,Valid,StopReason,ZonaHit_Z1,ZonaHit_Z2,ZonaHit_Z3
Fixed_0.2_SP15_trial01.txt,Fixed_PID,15 gram,ES_0_2,SUCCESS,,Fixed PID,15.0,0.2,14.8,15.69,0.69,4.6,51248.0,51.25,26034.0,21427.0,33263.0,33263.0,5.0,0.75,15.69,0.69,4.6,2.0,AKURAT,True,TIMEOUT,,,
Fixed_0.2_SP15_trial02.txt,Fixed_PID,15 gram,ES_0_2,SUCCESS,,Fixed PID,15.0,0.2,14.8,14.04,-0.96,-6.43,51244.0,51.24,34551.0,33817.0,-1.0,-1.0,5.0,0.75,14.04,0.0,0.0,1.0,UNDERSHOOT,True,TIMEOUT,,,
Fixed_0.2_SP15_trial03.txt,Fixed_PID,15 gram,ES_0_2,SUCCESS,,Fixed PID,15.0,0.2,14.8,15.55,0.55,3.64,16652.0,16.65,13642.0,11101.0,13642.0,13642.0,5.0,0.75,15.55,0.55,3.64,1.0,AKURAT,True,TARGET,,,
Fixed_ES0.2_SP20_trial01.txt,Fixed_PID,20 gram,ES_0_2,SUCCESS,,Fixed PID,20.0,0.2,19.8,20.16,0.16,0.79,22852.0,22.85,19066.0,18332.0,19324.0,19324.0,5.0,1.0,20.68,0.68,3.38,0.0,AKURAT,True,TARGET,,,
Fixed_ES0.2_SP20_trial02.txt,Fixed_PID,20 gram,ES_0_2,SUCCESS,,Fixed PID,20.0,0.2,19.8,20.6,0.6,2.98,26724.0,26.72,21131.0,18590.0,23197.0,23197.0,5.0,1.0,20.6,0.6,2.98,0.0,AKURAT,True,TARGET,,,
Fixed_ES0.2_SP20_trial03.txt,Fixed_PID,20 gram,ES_0_2,SUCCESS,,Fixed PID,20.0,0.2,19.8,19.95,-0.05,-0.27,49445.0,49.45,19066.0,16524.0,21131.0,21131.0,5.0,1.0,19.95,0.0,0.0,0.0,AKURAT,True,TARGET,,,
Fixed_0.2_SP25_trial01.txt,Fixed_PID,25 gram,ES_0_2,SUCCESS,,Fixed PID,25.0,0.2,24.8,21.78,-3.22,-12.86,51250.0,51.25,46431.0,43890.0,-1.0,-1.0,5.0,1.25,22.57,0.0,0.0,8.0,UNDERSHOOT,True,TIMEOUT,,,
Fixed_0.2_SP25_trial02.txt,Fixed_PID,25 gram,ES_0_2,SUCCESS,,Fixed PID,25.0,0.2,24.8,23.89,-1.11,-4.46,51253.0,51.25,37655.0,36921.0,46434.0,46434.0,5.0,1.25,23.89,0.0,0.0,4.0,AKURAT,True,TIMEOUT,,,
Fixed_0.2_SP25_trial03.txt,Fixed_PID,25 gram,ES_0_2,SUCCESS,,Fixed PID,25.0,0.2,24.8,25.67,0.67,2.69,20778.0,20.78,16994.0,14454.0,19058.0,19058.0,5.0,1.25,25.67,0.67,2.69,0.0,AKURAT,True,TARGET,,,
Fixed_0.2_SP30_trial01.txt,Fixed_PID,30 gram,ES_0_2,SUCCESS,,Fixed PID,30.0,0.2,29.8,27.37,-2.63,-8.78,51250.0,51.25,49272.0,48538.0,-1.0,-1.0,5.0,1.5,27.66,0.0,0.0,6.0,UNDERSHOOT,True,TIMEOUT,,,
Fixed_0.2_SP30_trial02.txt,Fixed_PID,30 gram,ES_0_2,SUCCESS,,Fixed PID,30.0,0.2,29.8,29.92,-0.08,-0.26,37567.0,37.57,31716.0,29175.0,35589.0,35589.0,5.0,1.5,29.92,0.0,0.0,4.0,AKURAT,True,TARGET,,,
Fixed_0.2_SP30_trial03.txt,Fixed_PID,30 gram,ES_0_2,SUCCESS,,Fixed PID,30.0,0.2,29.8,26.69,-3.31,-11.03,51252.0,51.25,-1.0,-1.0,-1.0,-1.0,5.0,1.5,26.69,0.0,0.0,6.0,UNDERSHOOT,True,TIMEOUT,,,
Fixed_0.3_SP15_trial01.txt,Fixed_PID,15 gram,ES_0_3,SUCCESS,,Fixed PID,15.0,0.3,14.7,15.12,0.12,0.8,43243.0,43.24,38425.0,35884.0,38425.0,39973.0,5.0,0.75,15.14,0.14,0.92,5.0,AKURAT,True,TARGET,,,
Fixed_0.3_SP15_trial02.txt,Fixed_PID,15 gram,ES_0_3,SUCCESS,,Fixed PID,15.0,0.3,14.7,14.37,-0.63,-4.17,48146.0,48.15,34034.0,33300.0,45909.0,46684.0,5.0,0.75,14.73,0.0,0.0,2.0,AKURAT,True,TARGET,,,
Fixed_0.3_SP15_trial03.txt,Fixed_PID,15 gram,ES_0_3,SUCCESS,,Fixed PID,15.0,0.3,14.7,14.45,-0.55,-3.68,34984.0,34.98,29391.0,28657.0,33264.0,33264.0,5.0,0.75,14.79,0.0,0.0,2.0,AKURAT,True,TARGET,,,
Fixed_ES0.3_SP20_trial01.txt,Fixed_PID,20 gram,ES_0_3,SUCCESS,,Fixed PID,20.0,0.3,19.7,22.16,2.16,10.82,36792.0,36.79,35330.0,32788.0,35330.0,-1.0,5.0,1.0,22.16,2.16,10.82,4.0,OVERSHOOT,True,TARGET,,,
Fixed_ES0.3_SP20_trial02.txt,Fixed_PID,20 gram,ES_0_3,SUCCESS,,Fixed PID,20.0,0.3,19.7,19.73,-0.27,-1.34,27240.0,27.24,19065.0,18331.0,25262.0,25262.0,5.0,1.0,19.73,0.0,0.0,0.0,AKURAT,True,TARGET,,,
Fixed_ES0.3_SP20_trial03.txt,Fixed_PID,20 gram,ES_0_3,SUCCESS,,Fixed PID,20.0,0.3,19.7,20.13,0.13,0.67,33179.0,33.18,29393.0,26851.0,31458.0,31458.0,5.0,1.0,20.13,0.13,0.67,3.0,AKURAT,True,TARGET,,,
Fixed_0.3_SP25_trial01.txt,Fixed_PID,25 gram,ES_0_3,SUCCESS,,Fixed PID,25.0,0.3,24.7,25.04,0.04,0.15,47375.0,47.38,37910.0,37176.0,39717.0,40491.0,5.0,1.25,25.04,0.04,0.15,3.0,AKURAT,True,TARGET,,,
Fixed_0.3_SP25_trial02.txt,Fixed_PID,25 gram,ES_0_3,SUCCESS,,Fixed PID,25.0,0.3,24.7,25.33,0.33,1.33,41439.0,41.44,34297.0,33563.0,37911.0,37911.0,5.0,1.25,25.33,0.33,1.33,2.0,AKURAT,True,TARGET,,,
Fixed_0.3_SP25_trial03.txt,Fixed_PID,25 gram,ES_0_3,SUCCESS,,Fixed PID,25.0,0.3,24.7,25.82,0.82,3.27,27754.0,27.75,26034.0,23493.0,26034.0,26034.0,5.0,1.25,25.82,0.82,3.27,2.0,AKURAT,True,TARGET,,,
Fixed_0.3_SP30_trial01.txt,Fixed_PID,30 gram,ES_0_3,SUCCESS,,Fixed PID,30.0,0.3,29.7,28.16,-1.84,-6.12,51252.0,51.25,33524.0,30983.0,-1.0,-1.0,5.0,1.5,28.16,0.0,0.0,1.0,UNDERSHOOT,True,TIMEOUT,,,
Fixed_0.3_SP30_trial02.txt,Fixed_PID,30 gram,ES_0_3,SUCCESS,,Fixed PID,30.0,0.3,29.7,28.81,-1.19,-3.95,51250.0,51.25,23453.0,22719.0,31198.0,49013.0,5.0,1.5,29.07,0.0,0.0,2.0,AKURAT,True,TIMEOUT,,,
Fixed_0.3_SP30_trial03.txt,Fixed_PID,30 gram,ES_0_3,SUCCESS,,Fixed PID,30.0,0.3,29.7,36.27,6.27,20.91,36793.0,36.79,35072.0,32530.0,-1.0,-1.0,5.0,1.5,36.27,6.27,20.91,2.0,OVERSHOOT,True,TARGET,,,
Fixed_0.4 _SP15_trial01.txt,Fixed_PID,15 gram,ES_0_4,SUCCESS,,Fixed PID,15.0,0.4,14.6,14.82,-0.18,-1.17,35488.0,35.49,26026.0,23486.0,28090.0,33510.0,5.0,0.75,14.82,0.0,0.0,1.0,AKURAT,True,TARGET,,,
Fixed_0.4 _SP15_trial02.txt,Fixed_PID,15 gram,ES_0_4,SUCCESS,,Fixed PID,15.0,0.4,14.6,19.63,4.63,30.85,27495.0,27.5,26033.0,23492.0,26033.0,-1.0,5.0,0.75,19.63,4.63,30.85,2.0,OVERSHOOT,True,TARGET,,,
Fixed_0.4 _SP15_trial03.txt,Fixed_PID,15 gram,ES_0_4,SUCCESS,,Fixed PID,15.0,0.4,14.6,14.18,-0.82,-5.49,22850.0,22.85,11061.0,10585.0,19323.0,-1.0,5.0,0.75,14.68,0.0,0.0,0.0,UNDERSHOOT,True,TARGET,,,
Fixed_0.4 _SP20_trial01.txt,Fixed_PID,20 gram,ES_0_4,SUCCESS,,Fixed PID,20.0,0.4,19.6,20.76,0.76,3.79,28787.0,28.79,23194.0,20653.0,23452.0,25259.0,5.0,1.0,20.76,0.76,3.79,1.0,AKURAT,True,TARGET,,,
Fixed_ES0.4_SP20_trial02.txt,Fixed_PID,20 gram,ES_0_4,SUCCESS,,Fixed PID,20.0,0.4,19.6,19.77,-0.23,-1.15,22853.0,22.85,19325.0,16783.0,20100.0,21133.0,5.0,1.0,19.99,0.0,0.0,1.0,AKURAT,True,TARGET,,,
Fixed_ES0.4_SP20_trial03.txt,Fixed_PID,20 gram,ES_0_4,SUCCESS,,Fixed PID,20.0,0.4,19.6,19.57,-0.43,-2.16,14332.0,14.33,11062.0,10328.0,12095.0,12095.0,5.0,1.0,19.8,0.0,0.0,1.0,AKURAT,True,TARGET,,,
Fixed_0.4_SP25_trial01.txt,Fixed_PID,25 gram,ES_0_4,SUCCESS,,Fixed PID,25.0,0.4,24.6,23.25,-1.75,-6.98,51244.0,51.24,39714.0,36915.0,-1.0,-1.0,5.0,1.25,23.3,0.0,0.0,3.0,UNDERSHOOT,True,TIMEOUT,,,
Fixed_0.4_SP25_trial02.txt,Fixed_PID,25 gram,ES_0_4,SUCCESS,,Fixed PID,25.0,0.4,24.6,25.03,0.03,0.14,39368.0,39.37,32485.0,31751.0,33775.0,33775.0,5.0,1.25,25.03,0.03,0.14,3.0,AKURAT,True,TARGET,,,
Fixed_0.4_SP25_trial03.txt,Fixed_PID,25 gram,ES_0_4,SUCCESS,,Fixed PID,25.0,0.4,24.6,30.38,5.38,21.52,46080.0,46.08,44618.0,42077.0,44618.0,-1.0,5.0,1.25,30.38,5.38,21.52,5.0,OVERSHOOT,True,TARGET,,,
Fixed_0.4_SP30_trial01.txt,Fixed_PID,30 gram,ES_0_4,SUCCESS,,Fixed PID,30.0,0.4,29.6,34.16,4.16,13.86,27495.0,27.5,25775.0,23234.0,26033.0,-1.0,5.0,1.5,34.16,4.16,13.86,1.0,OVERSHOOT,True,TARGET,,,
Fixed_0.4_SP30_trial02.txt,Fixed_PID,30 gram,ES_0_4,SUCCESS,,Fixed PID,30.0,0.4,29.6,29.77,-0.23,-0.76,22849.0,22.85,19580.0,17039.0,19580.0,19580.0,5.0,1.5,29.77,0.0,0.0,0.0,AKURAT,True,TARGET,,,
Fixed_0.4_SP30_trial03.txt,Fixed_PID,30 gram,ES_0_4,SUCCESS,,Fixed PID,30.0,0.4,29.6,30.16,0.16,0.53,31114.0,31.11,25520.0,22979.0,27586.0,27586.0,5.0,1.5,30.16,0.16,0.53,2.0,AKURAT,True,TARGET,,,
GS_ES0.2_SP15_trial01.txt,Gain_Scheduling_PID,15 gram,ES_0_2,SUCCESS,,Gain Scheduling PID,15.0,0.2,14.8,14.74,-0.26,-1.74,24920.0,24.92,8997.0,8521.0,19584.0,23199.0,5.0,0.75,14.99,0.0,0.0,0.0,AKURAT,True,TARGET,11.0,20.0,60.0
GS_ES0.2_SP15_trial02.txt,Gain_Scheduling_PID,15 gram,ES_0_2,SUCCESS,,Gain Scheduling PID,15.0,0.2,14.8,23.61,8.61,57.43,9426.0,9.43,7706.0,7230.0,7706.0,-1.0,5.0,0.75,23.61,8.61,57.43,1.0,OVERSHOOT,True,TARGET,11.0,19.0,1.0
GS_ES0.2_SP15_trial03.txt,Gain_Scheduling_PID,15 gram,ES_0_2,SUCCESS,,Gain Scheduling PID,15.0,0.2,14.8,18.46,3.46,23.06,15365.0,15.37,13645.0,12911.0,13645.0,-1.0,5.0,0.75,18.46,3.46,23.06,1.0,OVERSHOOT,True,TARGET,11.0,42.0,1.0
GS_ES0.2_SP20_trial01.txt,Gain_Scheduling_PID,20 gram,ES_0_2,SUCCESS,,Gain Scheduling PID,20.0,0.2,19.8,20.13,0.13,0.67,18977.0,18.98,13642.0,11101.0,13642.0,13642.0,5.0,1.0,20.13,0.13,0.67,1.0,AKURAT,True,TARGET,11.0,41.0,16.0
GS_ES0.2_SP20_trial02.txt,Gain_Scheduling_PID,20 gram,ES_0_2,SUCCESS,,Gain Scheduling PID,20.0,0.2,19.8,20.12,0.12,0.59,24661.0,24.66,19842.0,17559.0,21391.0,21391.0,5.0,1.0,20.18,0.18,0.9,2.0,AKURAT,True,TARGET,19.0,57.0,14.0
GS_ES0.2_SP20_trial03..txt,Gain_Scheduling_PID,20 gram,ES_0_2,SUCCESS,,Gain Scheduling PID,20.0,0.2,19.8,21.14,1.14,5.68,14591.0,14.59,11063.0,10329.0,12870.0,-1.0,5.0,1.0,21.14,1.14,5.68,0.0,OVERSHOOT,True,TARGET,11.0,26.0,14.0
GS_ES0.2_SP25_trial01.txt,Gain_Scheduling_PID,25 gram,ES_0_2,SUCCESS,,Gain Scheduling PID,25.0,0.2,24.8,22.43,-2.57,-10.29,51233.0,51.23,19832.0,19099.0,-1.0,-1.0,5.0,1.25,23.12,0.0,0.0,2.0,UNDERSHOOT,True,TIMEOUT,11.0,40.0,143.0
GS_ES0.2_SP25_trial02.txt,Gain_Scheduling_PID,25 gram,ES_0_2,SUCCESS,,Gain Scheduling PID,25.0,0.2,24.8,24.86,-0.14,-0.55,20520.0,20.52,17252.0,16518.0,18284.0,19058.0,5.0,1.25,25.02,0.02,0.07,0.0,AKURAT,True,TARGET,27.0,32.0,15.0
GS_ES0.2_SP25_trial03.txt,Gain_Scheduling_PID,25 gram,ES_0_2,SUCCESS,,Gain Scheduling PID,25.0,0.2,24.8,24.85,-0.15,-0.61,19230.0,19.23,14929.0,14195.0,15445.0,16994.0,5.0,1.25,24.9,0.0,0.0,0.0,AKURAT,True,TARGET,20.0,36.0,13.0
GS_ES0.2_SP30_trial01.txt,Gain_Scheduling_PID,30 gram,ES_0_2,SUCCESS,,Gain Scheduling PID,30.0,0.2,29.8,30.52,0.52,1.72,33683.0,33.68,17251.0,14711.0,25510.0,25510.0,5.0,1.5,30.52,0.52,1.72,0.0,AKURAT,True,TARGET,34.0,32.0,59.0
GS_ES0.2_SP30_trial02.txt,Gain_Scheduling_PID,30 gram,ES_0_2,SUCCESS,,Gain Scheduling PID,30.0,0.2,29.8,29.94,-0.06,-0.2,16906.0,16.91,13897.0,13163.0,14154.0,14154.0,5.0,1.5,29.94,0.0,0.0,1.0,AKURAT,True,TARGET,19.0,34.0,7.0
GS_ES0.2_SP30_trial03.txt,Gain_Scheduling_PID,30 gram,ES_0_2,SUCCESS,,Gain Scheduling PID,30.0,0.2,29.8,29.32,-0.68,-2.27,27743.0,27.74,19830.0,18581.0,21378.0,22668.0,5.0,1.5,29.87,0.0,0.0,1.0,AKURAT,True,TARGET,34.0,26.0,42.0
GS_ES0.3_SP15_trial01.txt,Gain_Scheduling_PID,15 gram,ES_0_3,SUCCESS,,Gain Scheduling PID,15.0,0.3,14.7,15.77,0.77,5.16,12255.0,12.26,8987.0,6450.0,10793.0,-1.0,5.0,0.75,15.77,0.77,5.16,0.0,OVERSHOOT,True,TARGET,26.0,9.0,7.0
GS_ES0.3_SP15_trial02.txt,Gain_Scheduling_PID,15 gram,ES_0_3,SUCCESS,,Gain Scheduling PID,15.0,0.3,14.7,14.77,-0.23,-1.55,8389.0,8.39,4863.0,4129.0,6669.0,6669.0,5.0,0.75,14.86,0.0,0.0,0.0,AKURAT,True,TARGET,18.0,1.0,8.0
GS_ES0.3_SP15_trial03.txt,Gain_Scheduling_PID,15 gram,ES_0_3,SUCCESS,,Gain Scheduling PID,15.0,0.3,14.7,14.54,-0.46,-3.08,26713.0,26.71,6928.0,6452.0,15186.0,24736.0,5.0,0.75,14.71,0.0,0.0,0.0,AKURAT,True,TARGET,11.0,15.0,72.0
GS_ES0.3_SP20_trial01.txt,Gain_Scheduling_PID,20 gram,ES_0_3,SUCCESS,,Gain Scheduling PID,20.0,0.3,19.7,20.87,0.87,4.36,37052.0,37.05,16999.0,14458.0,19323.0,22421.0,5.0,1.0,20.87,0.87,4.36,3.0,AKURAT,True,TARGET,18.0,47.0,73.0
GS_ES0.3_SP20_trial02.txt,Gain_Scheduling_PID,20 gram,ES_0_3,SUCCESS,,Gain Scheduling PID,20.0,0.3,19.7,19.88,-0.12,-0.6,14591.0,14.59,10805.0,10071.0,12871.0,12871.0,5.0,1.0,20.14,0.14,0.69,0.0,AKURAT,True,TARGET,11.0,16.0,24.0
GS_ES0.3_SP20_trial03.txt,Gain_Scheduling_PID,20 gram,ES_0_3,SUCCESS,,Gain Scheduling PID,20.0,0.3,19.7,23.59,3.59,17.97,21304.0,21.3,19842.0,15235.0,-1.0,-1.0,5.0,1.0,23.59,3.59,17.97,2.0,OVERSHOOT,True,TARGET,25.0,51.0,1.0
GS_ES0.3_SP25_trial01.txt,Gain_Scheduling_PID,25 gram,ES_0_3,SUCCESS,,Gain Scheduling PID,25.0,0.3,24.7,23.09,-1.91,-7.65,51230.0,51.23,15185.0,14451.0,-1.0,-1.0,5.0,1.25,23.51,0.0,0.0,0.0,UNDERSHOOT,True,TIMEOUT,18.0,19.0,157.0
GS_ES0.3_SP25_trial02.txt,Gain_Scheduling_PID,25 gram,ES_0_3,SUCCESS,,Gain Scheduling PID,25.0,0.3,24.7,26.96,1.96,7.86,21549.0,21.55,19830.0,19097.0,-1.0,-1.0,5.0,1.25,27.39,2.39,9.56,1.0,OVERSHOOT,True,TARGET,15.0,62.0,1.0
GS_ES0.3_SP25_trial03.txt,Gain_Scheduling_PID,25 gram,ES_0_3,SUCCESS,,Gain Scheduling PID,25.0,0.3,24.7,26.54,1.54,6.18,15355.0,15.36,13635.0,11096.0,-1.0,-1.0,5.0,1.25,26.54,1.54,6.18,1.0,OVERSHOOT,True,TARGET,27.0,26.0,1.0
GS_ES0.3_SP25_trial04.txt,Gain_Scheduling_PID,25 gram,ES_0_3,SUCCESS,,Gain Scheduling PID,25.0,0.3,24.7,24.73,-0.27,-1.1,24903.0,24.9,14926.0,14192.0,17765.0,20345.0,5.0,1.25,24.73,0.0,0.0,1.0,AKURAT,True,TARGET,27.0,31.0,33.0
GS_ES0.3_SP30_trial01.txt,Gain_Scheduling_PID,30 gram,ES_0_3,SUCCESS,,Gain Scheduling PID,30.0,0.3,29.7,34.34,4.34,14.47,15355.0,15.36,13894.0,13160.0,13894.0,-1.0,5.0,1.5,34.34,4.34,14.47,1.0,OVERSHOOT,True,TARGET,26.0,27.0,1.0
GS_ES0.3_SP30_trial02.txt,Gain_Scheduling_PID,30 gram,ES_0_3,SUCCESS,,Gain Scheduling PID,30.0,0.3,29.7,30.12,0.12,0.39,20516.0,20.52,13119.0,12386.0,14926.0,14926.0,5.0,1.5,30.12,0.12,0.39,0.0,AKURAT,True,TARGET,26.0,17.0,31.0
GS_ES0.3_SP30_trial03.txt,Gain_Scheduling_PID,30 gram,ES_0_3,SUCCESS,,Gain Scheduling PID,30.0,0.3,29.7,33.24,3.24,10.79,27742.0,27.74,26022.0,23482.0,26280.0,-1.0,5.0,1.5,33.24,3.24,10.79,3.0,OVERSHOOT,True,TARGET,59.0,42.0,1.0
GS_ES0.4_SP15_trial01.txt,Gain_Scheduling_PID,15 gram,ES_0_4,SUCCESS,,Gain Scheduling PID,15.0,0.4,14.6,14.91,-0.09,-0.63,20788.0,20.79,15452.0,14718.0,19067.0,19067.0,5.0,0.75,14.91,0.0,0.0,1.0,AKURAT,True,TARGET,19.0,34.0,22.0
GS_ES0.4_SP15_trial02.txt,Gain_Scheduling_PID,15 gram,ES_0_4,SUCCESS,,Gain Scheduling PID,15.0,0.4,14.6,20.72,5.72,38.1,15105.0,15.11,13643.0,12909.0,-1.0,-1.0,5.0,0.75,20.72,5.72,38.1,1.0,OVERSHOOT,True,TARGET,18.0,35.0,0.0
GS_ES0.4_SP15_trial03.txt,Gain_Scheduling_PID,15 gram,ES_0_4,SUCCESS,,Gain Scheduling PID,15.0,0.4,14.6,16.4,1.4,9.35,15106.0,15.11,13644.0,12910.0,13644.0,-1.0,5.0,0.75,16.4,1.4,9.35,1.0,OVERSHOOT,True,TARGET,18.0,35.0,0.0
last.txt,Gain_Scheduling_PID,15 gram,ES_0_4,SUCCESS,,Gain Scheduling PID,15.0,0.4,14.6,16.4,1.4,9.35,15106.0,15.11,13644.0,12910.0,13644.0,-1.0,5.0,0.75,16.4,1.4,9.35,1.0,OVERSHOOT,True,TARGET,18.0,35.0,0.0
GS_ES0.4_SP20_trial01.txt,Gain_Scheduling_PID,20 gram,ES_0_4,SUCCESS,,Gain Scheduling PID,20.0,0.4,19.6,20.06,0.06,0.28,14589.0,14.59,12869.0,12134.0,13127.0,13127.0,5.0,1.0,20.18,0.18,0.88,0.0,AKURAT,True,TARGET,27.0,23.0,1.0
GS_ES0.4_SP20_trial02.txt,Gain_Scheduling_PID,20 gram,ES_0_4,SUCCESS,,Gain Scheduling PID,20.0,0.4,19.6,19.58,-0.42,-2.09,18719.0,18.72,16998.0,16264.0,17256.0,17256.0,5.0,1.0,19.61,0.0,0.0,1.0,AKURAT,True,TARGET,19.0,34.0,14.0
GS_ES0.4_SP20_trial03.txt,Gain_Scheduling_PID,20 gram,ES_0_4,SUCCESS,,Gain Scheduling PID,20.0,0.4,19.6,20.41,0.41,2.04,18463.0,18.46,8996.0,8262.0,11578.0,14935.0,5.0,1.0,20.41,0.41,2.04,0.0,AKURAT,True,TARGET,18.0,17.0,31.0
GS_ES0.4_SP25_trial01.txt,Gain_Scheduling_PID,25 gram,ES_0_4,SUCCESS,,Gain Scheduling PID,25.0,0.4,24.6,24.62,-0.38,-1.53,24918.0,24.92,19066.0,16524.0,19324.0,19324.0,5.0,1.25,24.62,0.0,0.0,2.0,AKURAT,True,TARGET,18.0,48.0,25.0
GS_ES0.4_SP25_trial02.txt,Gain_Scheduling_PID,25 gram,ES_0_4,SUCCESS,,Gain Scheduling PID,25.0,0.4,24.6,24.67,-0.33,-1.34,26974.0,26.97,20092.0,19358.0,21382.0,23189.0,5.0,1.25,24.72,0.0,0.0,1.0,AKURAT,True,TARGET,26.0,51.0,22.0
GS_ES0.4_SP25_trial03 dan 04.txt,Gain_Scheduling_PID,25 gram,ES_0_4,SUCCESS,,Gain Scheduling PID,25.0,0.4,24.6,26.48,1.48,5.92,12518.0,12.52,10799.0,8259.0,11057.0,-1.0,5.0,1.25,26.48,1.48,5.92,0.0,OVERSHOOT,True,TARGET,19.0,16.0,8.0
GS_ES0.4_SP30_trial01.txt,Gain_Scheduling_PID,30 gram,ES_0_4,SUCCESS,,Gain Scheduling PID,30.0,0.4,29.6,31.11,1.11,3.71,24647.0,24.65,21379.0,20646.0,21379.0,21379.0,5.0,1.5,31.11,1.11,3.71,1.0,AKURAT,True,TARGET,11.0,71.0,8.0
GS_ES0.4_SP30_trial02.txt,Gain_Scheduling_PID,30 gram,ES_0_4,SUCCESS,,Gain Scheduling PID,30.0,0.4,29.6,29.52,-0.48,-1.59,31355.0,31.35,23183.0,20644.0,29377.0,29377.0,5.0,1.5,29.66,0.0,0.0,1.0,AKURAT,True,TARGET,26.0,49.0,41.0
GS_ES0.4_SP30_trial03.txt,Gain_Scheduling_PID,30 gram,ES_0_4,SUCCESS,,Gain Scheduling PID,30.0,0.4,29.6,29.73,-0.27,-0.9,22582.0,22.58,4862.0,4129.0,12604.0,14927.0,5.0,1.5,29.85,0.0,0.0,0.0,AKURAT,True,TARGET,11.0,6.0,65.0
