RelativePath,SHA256
code/analisis_inferensial/tahap3_analisis_inferensial.py,D94E53CB9B5AD8D5E2FD5AFECE00292AE3EC938C91153A111CEB84DCD5D2993E
code/eksperimen_awal/identifikasi_plant/zn_integrating_process.m,06186583285FC07A803A89FB7E7D3D8B4D6C53919625D514F2F815C2BE822EA6
code/eksperimen_awal/pilot_early_stop/pilot_ES_QC.py,D97EE6F96D46BC8404F7F2AA942510EB83C6A68293F1B7EE71B56176109A6964
code/eksperimen_awal/pilot_early_stop/pilot_ES_parser.py,7E2673E4F74759C9163C51BA1BD0390B8D9302872906B3E869157045D8D6AC96
code/eksperimen_awal/pilot_early_stop/pilot_ES_recommend.py,02E484E4102A6FC34A6952F10A08F910DC6D528774C7CCE3BBE7204EC95F3D0D
code/eksperimen_awal/pilot_early_stop/pilot_ES_summarize.py,A0EF9EF4C19262F59D1F27C4EEB9991C3F98C48BB3BB0B8FDB6C959BA2A3675B
code/finalisasi/tahap5_visualisasi_bab4.py,858352011BCD94AA5E46C80EB216B373062E92CB1205A3928422D2DF1A249156
code/pemeriksaan_asumsi/tahap2_rekonstruksi_dan_verifikasi.py,D984C7B9CA22F6D941D0EDFEDEB2465AE1B3C06885ED814C919284DFA19EC161
code/sintesis_hasil/tahap1_statistik_deskriptif.py,8A40579F67AC0317A795720C9AC1E2816B5CB5E1BC3F35839664DF27394FABE7
code/sintesis_hasil/tahap4_sintesis_multidimensi.py,84AADB5E403C50C01B9415AFCC1942C6C918C8F54946F4696E369FE63BDA309F
code/validasi_dataset/tahap0_validasi_master_dataset.py,DEBE9C7BC5D04CAC1603808A44C13F9DEF7DF0E7E44D063AB77F2FBA6B95F787
data/identifikasi_plant/25 derajat.txt,E5C7F7ED168C7897CB1B5625C926F6D59C9DA7EE50C5C8D902F6655F6CAB20AD
data/identifikasi_plant/30 derajat.txt,B70CD5167DC719C2F8EFE6B21EBABA99C9C21F7D34A8061AC7F4364C7BBDB56C
data/identifikasi_plant/35 derajat.txt,521F91B8865B535276B19D4FAF60E7CC929B25F12163480BF5FCDC0DC4F3FCBC
data/identifikasi_plant/40 derajat.txt,ED3782211CA0F4E19254BF0BA097374A98DE6E9BC6803479B198F0C6AFEC2A7A
data/pengujian_final/log_160_trial/fixed_pid/SP15/Fixed PID_SP15_trial01.txt,545BDFBBDD9AA3BC806E53A1FA0F03850116BFA1EDA8B3B91EDFA7C77007AADA
data/pengujian_final/log_160_trial/fixed_pid/SP15/Fixed PID_SP15_trial02.txt,810977A876F4C5D8D2D799EFABD8210C0AE861717F47DD3F4D9049ADB0063A60
data/pengujian_final/log_160_trial/fixed_pid/SP15/Fixed PID_SP15_trial03.txt,0CBAA0C31F4DA784AA2841145CB4B8A5143299EA7744B4AC48A21CACD13EA1F3
data/pengujian_final/log_160_trial/fixed_pid/SP15/Fixed PID_SP15_trial04.txt,4625BC72E0B7755E74A2842026C1DE1A1F24EF95F5A1D94D891957A29E2415DB
data/pengujian_final/log_160_trial/fixed_pid/SP15/Fixed PID_SP15_trial05.txt,D0CE2CD98B563289270FB8EB475623E273BAE76C1BE19D15476E12DB8C07AC3B
data/pengujian_final/log_160_trial/fixed_pid/SP15/Fixed PID_SP15_trial06.txt,7662ED0B48C3D088E93AFA2B4C0434E0F1CE56572D0904936EF36E0222DE5B80
data/pengujian_final/log_160_trial/fixed_pid/SP15/Fixed PID_SP15_trial07.txt,D69FAE6E8E272AF30CE0C9904EF578001F1DF22141E86A3E9772F6B45A58FD93
data/pengujian_final/log_160_trial/fixed_pid/SP15/Fixed PID_SP15_trial08.txt,3380947B49D06274EB6A64E3ED86ED979D608893EA28246B57306777F2337746
data/pengujian_final/log_160_trial/fixed_pid/SP15/Fixed PID_SP15_trial09.txt,4C10AA48E39B837DF44EB0C947AC49305A6B9B90EE7B86C606640E02F6AF9D8A
data/pengujian_final/log_160_trial/fixed_pid/SP15/Fixed PID_SP15_trial10.txt,7B0B322B6870D669C3427CF8C4C050F65C681BAEC216CCE120114C1ABE6691EC
data/pengujian_final/log_160_trial/fixed_pid/SP20/Fixed PID_SP20_trial01.txt,B84C0989ED062B3F8D796D5ECAED011B6F3F347360F0380ED9F920E0651A01FC
data/pengujian_final/log_160_trial/fixed_pid/SP20/Fixed PID_SP20_trial02.txt,B56377B9382CAE5BD70F457AC0891068F17255ED1CDD8899960246F086B59895
data/pengujian_final/log_160_trial/fixed_pid/SP20/Fixed PID_SP20_trial03.txt,1A3838E35F32F9DC3675BDCE173483BE72DB724F4609D053406BE3693AC668CC
data/pengujian_final/log_160_trial/fixed_pid/SP20/Fixed PID_SP20_trial04.txt,B68E7DDDF1F3B04BC68044F15BB08FAC438B26E1F0544FA8097909BBF81E1AD2
data/pengujian_final/log_160_trial/fixed_pid/SP20/Fixed PID_SP20_trial05.txt,784C954B8ABECD9E0FC9F81346EE2F59194F1750416A14E9A698BB910919D8ED
data/pengujian_final/log_160_trial/fixed_pid/SP20/Fixed PID_SP20_trial06.txt,B509D1B0EAB5346B38AE6409CEDB409CF76E686F45D3F357490AA02F546F7D0C
data/pengujian_final/log_160_trial/fixed_pid/SP20/Fixed PID_SP20_trial07.txt,A3ADE5476C15278955A39293182A64DB0A587C2985C5F361DF7134C3D0B5DDDE
data/pengujian_final/log_160_trial/fixed_pid/SP20/Fixed PID_SP20_trial08.txt,D2D1B1293DAC7366E9532DC19847963FDE46555944A3E14F1085A1642FB9D724
data/pengujian_final/log_160_trial/fixed_pid/SP20/Fixed PID_SP20_trial09.txt,647BA288F9E8E290972D6936012F2AD58E404D01ECB180EC4285DC5FF40CB6F8
data/pengujian_final/log_160_trial/fixed_pid/SP20/Fixed PID_SP20_trial10.txt,8EF5D83C941132A153A52CF326618FF5CCB938454FA65D137E19724EDC78D032
data/pengujian_final/log_160_trial/fixed_pid/SP25/Fixed PID_SP25_trial01.txt,BA4962140FAFB9DEAF18C2E8696BD87B09704B8AD18970AE2E274248362949FE
data/pengujian_final/log_160_trial/fixed_pid/SP25/Fixed PID_SP25_trial02.txt,EEB855906C9E73803D042DB9D42A7865F63938337F2B4888346BCD033FF0A0B3
data/pengujian_final/log_160_trial/fixed_pid/SP25/Fixed PID_SP25_trial03.txt,5767531BFF32621ECD379694BBBF8AEAE34F7D93952DE225DA35BC18165C7D98
data/pengujian_final/log_160_trial/fixed_pid/SP25/Fixed PID_SP25_trial04.txt,7200720FD450F0F1E73BE25936395882507F0EC58A68B303B3BFD0053FD5D43A
data/pengujian_final/log_160_trial/fixed_pid/SP25/Fixed PID_SP25_trial05.txt,9F4FCCB4DC5B0A801E21221FF5DECD4CB4473F387ED4BAC453EA98D9CACCE500
data/pengujian_final/log_160_trial/fixed_pid/SP25/Fixed PID_SP25_trial06.txt,4E49FECF7A11C6FEC8CFDD1533222936024DA5DCD71FE73E6C160318004C29A0
data/pengujian_final/log_160_trial/fixed_pid/SP25/Fixed PID_SP25_trial07.txt,C7F09B2651695151E94B842AC27BA8DBFF0F9A88F0650E7F096FF30FE0170C5D
data/pengujian_final/log_160_trial/fixed_pid/SP25/Fixed PID_SP25_trial08.txt,ED5EA66917C9037B5B97714E77AF3D21116DFB9C2BBDDF4776A2044EB8EB198F
data/pengujian_final/log_160_trial/fixed_pid/SP25/Fixed PID_SP25_trial09.txt,6486F981A918337B2A959F6E98AEEE68A9897C713449F0A882CE5BEF5E14068B
data/pengujian_final/log_160_trial/fixed_pid/SP25/Fixed PID_SP25_trial10.txt,03BA9FF5B270EE93C07167D187EA935F57D7A545E7325F50DA597BD84FF33A59
data/pengujian_final/log_160_trial/fixed_pid/SP30/Fixed_PID_SP30_trial01.txt,A79FBA85C83E1401D6296B176CDBF644EE391925709BC7DA28ECDC25C3306A33
data/pengujian_final/log_160_trial/fixed_pid/SP30/Fixed_PID_SP30_trial02.txt,E3881D0EBE5D7C1299A41781F7A55200E4EEE7C1A9CD5CC6930FF6500BE5B599
data/pengujian_final/log_160_trial/fixed_pid/SP30/Fixed_PID_SP30_trial03.txt,647EA6C9D12CEC4F5488338E409E3284EC6FBFB3F0C6CB5EE8C6241B9D578032
data/pengujian_final/log_160_trial/fixed_pid/SP30/Fixed_PID_SP30_trial04.txt,B0620C044DD251C9B917E107FCC67D4CBA91D8721D8072C4064523D69FEC1CAC
data/pengujian_final/log_160_trial/fixed_pid/SP30/Fixed_PID_SP30_trial05.txt,49BCA51EC1A0A7B94DAA1317D02C85ACE6A352F660BC2A5AE9D760D019310840
data/pengujian_final/log_160_trial/fixed_pid/SP30/Fixed_PID_SP30_trial06.txt,D0AD4BB237739EE820FA63B001C8337B846A33506E444812040644BCEBAF2685
data/pengujian_final/log_160_trial/fixed_pid/SP30/Fixed_PID_SP30_trial07.txt,CC19F942C7D5D4AB698E50D3E80BD12150B2F2212D239342DE6225EFBFC35D2A
data/pengujian_final/log_160_trial/fixed_pid/SP30/Fixed_PID_SP30_trial08.txt,92323FE90A1BCA3BE9520578AACF46611F6239EC04383AA1DCFFF0086592ED3B
data/pengujian_final/log_160_trial/fixed_pid/SP30/Fixed_PID_SP30_trial09.txt,2DE750F42AC2A12843F7CE71BA69B60A35F6CE32524E37451F99B6524F970C2E
data/pengujian_final/log_160_trial/fixed_pid/SP30/Fixed_PID_SP30_trial10.txt,664685F671C805817922D15B7E1005130201786555F794059D6AE782E08B6F66
data/pengujian_final/log_160_trial/gs_pid/SP15/GSPID_SSP15_trial01.txt,AD0AA7D085DA71DBD2398A2B04D018EC81C9745F3A68D9F680CFA73A47B9F2B0
data/pengujian_final/log_160_trial/gs_pid/SP15/GSPID_SSP15_trial02.txt,FF6033FBE0D9206E4C8A84935014D65A9BDAD63E4A190F4CCD77469144C1235A
data/pengujian_final/log_160_trial/gs_pid/SP15/GSPID_SSP15_trial03.txt,33999C7062AA1571CE55A55653FEB018E5CE236707D55C19B8E4CA1A84DA91F5
data/pengujian_final/log_160_trial/gs_pid/SP15/GSPID_SSP15_trial04.txt,713345518E8BBB9E0EA8C0F9DDF2FADE714F9D68172183941B5DD080735FE488
data/pengujian_final/log_160_trial/gs_pid/SP15/GSPID_SSP15_trial05.txt,E21FE2D4525E4E16243E3FA15142ED837786E6182F65F1A2004EDE8C606B87F3
data/pengujian_final/log_160_trial/gs_pid/SP15/GSPID_SSP15_trial06.txt,6C99A6B06BE6BBB54DDC43AE6571AC13FF54A91119AF2A230EA920F9B53237B6
data/pengujian_final/log_160_trial/gs_pid/SP15/GSPID_SSP15_trial07.txt,02937E491A7B61678DC467A2C7CF3F79ABBC86EB381D937A235779BFCE17C820
data/pengujian_final/log_160_trial/gs_pid/SP15/GSPID_SSP15_trial08.txt,3DECCDF9DE3F84EA8D4B31FC22B3267E1C2BC78E542A234E9EC0A94CE9DACF5F
data/pengujian_final/log_160_trial/gs_pid/SP15/GSPID_SSP15_trial09.txt,F8057B6D9C7182909C94EA369198AC2DF7C8241D0DE62F6B258F6607428FBCC4
data/pengujian_final/log_160_trial/gs_pid/SP15/GSPID_SSP15_trial10.txt,D231641610F1836B4E885F5C04FC3D11CD16F0CD8971489DFE164F5037B5127B
data/pengujian_final/log_160_trial/gs_pid/SP20/GS_PID_SP20_trial01.txt,535F339D0B063CDB7F0AFDEF0CE7B4A4AC2258C028D76AD48AEC8AC164C3FE9F
data/pengujian_final/log_160_trial/gs_pid/SP20/GS_PID_SP20_trial02.txt,BCACB731BAB451749A811E0BDB9CE15D92C122A6E2231426C0013CBB70638F67
data/pengujian_final/log_160_trial/gs_pid/SP20/GS_PID_SP20_trial03.txt,8782ADF5EA99F347E3359DD342BF2E61696E15DF3A9BE46EA15D36209B32F821
data/pengujian_final/log_160_trial/gs_pid/SP20/GS_PID_SP20_trial04.txt,E749C75A83E292DA653E36AFF9A6AE4B79924A58C44C5FE08E8ECCB44999E055
data/pengujian_final/log_160_trial/gs_pid/SP20/GS_PID_SP20_trial05.txt,7B3ED98FE79E1BE4FC2797D8E3DEE21CB53F22E770D240E553CF1632364F1CC8
data/pengujian_final/log_160_trial/gs_pid/SP20/GS_PID_SP20_trial06.txt,AFCBE0CED422B51042B4A7970BE9DC71108987E2F69B72D3BAC6278446F9C985
data/pengujian_final/log_160_trial/gs_pid/SP20/GS_PID_SP20_trial07.txt,B9A3ED39CA881B2486B49380E3D87E257052A08083BE1635D8B1709D91E595B3
data/pengujian_final/log_160_trial/gs_pid/SP20/GS_PID_SP20_trial08.txt,14F02386605EC26FA1DD419716202076ADF877BADF4BF1283109D8142B7DC825
data/pengujian_final/log_160_trial/gs_pid/SP20/GS_PID_SP20_trial09.txt,405E14BA64AA64285D44E1C64FB46194106156DF4628B300759C02C456724AF1
data/pengujian_final/log_160_trial/gs_pid/SP20/GS_PID_SP20_trial10.txt,AD982BAD3E6FB49257D6D724262567CF9C82883D2E8B42A6413723885CD1E24D
data/pengujian_final/log_160_trial/gs_pid/SP25/GS_PID_SP25_trial01.txt,A8AEB2BAB7C21772DDDCCEF964126E700EBA6C8BA78B04B89BEC39A6EA13BA33
data/pengujian_final/log_160_trial/gs_pid/SP25/GS_PID_SP25_trial02.txt,14B9D12C6382C285ED7C1CDB7BCEB2B2DC2534355900085B47344A4DF475107D
data/pengujian_final/log_160_trial/gs_pid/SP25/GS_PID_SP25_trial03.txt,B5B7D8BE396CD5A037C31FCDFF66B3AA4127E7805867F7C39205C3B488EA2F4A
data/pengujian_final/log_160_trial/gs_pid/SP25/GS_PID_SP25_trial04.txt,90737A5D0AFF6EDAC6274A0EBFA1E0DC8FE8E6CF030717BB88C32867706A8DAF
data/pengujian_final/log_160_trial/gs_pid/SP25/GS_PID_SP25_trial05.txt,03254AC91B788DD01DD77B92B192517865B2635FECD8F897BC9547226B8456BC
data/pengujian_final/log_160_trial/gs_pid/SP25/GS_PID_SP25_trial06.txt,94FF6809A051BB238A8326FD56E27C847B47CCB398C96D1509A588F9B31DAC30
data/pengujian_final/log_160_trial/gs_pid/SP25/GS_PID_SP25_trial07.txt,F4AA5DA79F1491B44D845DC0ABAEE4719ED4A3DF58F6A67CD77636EB6AECD383
data/pengujian_final/log_160_trial/gs_pid/SP25/GS_PID_SP25_trial08.txt,D566320E561501C07A4C2AA9E6B6DE2DBC393054E18EC8E67AD7A30BEEF8BA48
data/pengujian_final/log_160_trial/gs_pid/SP25/GS_PID_SP25_trial09.txt,67C53020A22744EE1FBF93B3536B06CE8A2F9E3339D06AE59213873B53CEF854
data/pengujian_final/log_160_trial/gs_pid/SP25/GS_PID_SP25_trial10.txt,C55E5F6340FD4CBA3B2BDFBFE5768E378DD5197EEEF06704BBF755743B10F319
data/pengujian_final/log_160_trial/gs_pid/SP30/GS_PID_SP30_trial01.txt,47B8F5DC2DC13EF3F0089F657B47E8E105CE27CCA1DDAA734BD1047A19A0326C
data/pengujian_final/log_160_trial/gs_pid/SP30/GS_PID_SP30_trial02.txt,988B25114A96BF4B5F6A7E64CA2F88DD3D21104E29DD0E273120F105C7E6155F
data/pengujian_final/log_160_trial/gs_pid/SP30/GS_PID_SP30_trial03.txt,E47EA9C8E813D8B260690662DC3441099182A25E8643A7CDF3C721DB1AD3C29D
data/pengujian_final/log_160_trial/gs_pid/SP30/GS_PID_SP30_trial04.txt,4919E5C5994052712DDB7526EE2D91F0B4BAD6BBE54FB6402944382CDB8F7DAB
data/pengujian_final/log_160_trial/gs_pid/SP30/GS_PID_SP30_trial05.txt,6CB03191656FE76999BC71EC12796E42EF965F7AC1B9E84770BCCD28FAE001D9
data/pengujian_final/log_160_trial/gs_pid/SP30/GS_PID_SP30_trial06.txt,B8D644F5C0828FB2DFCD81AA09A9E081D1412B20D78D66B8DCA809AB3B0DE9F6
data/pengujian_final/log_160_trial/gs_pid/SP30/GS_PID_SP30_trial07.txt,8FE3B6F94AE94333BC4C5B5E4DF983DFE7FE5345DA234D5B9ADED614FB0895A1
data/pengujian_final/log_160_trial/gs_pid/SP30/GS_PID_SP30_trial08.txt,615FD2D38294C31E5235870C12F6D20717A8303AFAC372FFE33DD73D809701A8
data/pengujian_final/log_160_trial/gs_pid/SP30/GS_PID_SP30_trial09.txt,FB25A51B8D6866D0C61625F65D0CF9DCE83377008F90A76E5A96272BF30AB435
data/pengujian_final/log_160_trial/gs_pid/SP30/GS_PID_SP30_trial10.txt,09307D501BFBD5601A48C30898CDC3EBAC7FF4798D1F265714CB73B5BE960355
data/pengujian_final/log_160_trial/manual_cepat/SP15/ManualCepat_SP15_trial01.txt,3429106722A455108EC8FF50B0259CEFAA69098F62F35E7B7C4872FBAC7A7F30
data/pengujian_final/log_160_trial/manual_cepat/SP15/ManualCepat_SP15_trial02.txt,65B2499AB1946ED6FE2F162364F95C868B29975CD33DC5F3A10CD79261D8864E
data/pengujian_final/log_160_trial/manual_cepat/SP15/ManualCepat_SP15_trial03.txt,33BBB749DB34F450D16D6B180FEC502C7D75B76F50809FC9E18CE5148B4CA7FE
data/pengujian_final/log_160_trial/manual_cepat/SP15/ManualCepat_SP15_trial04.txt,A781A6C45F24BB8D8AEA0090C990B647906A9E1BCF1135DDD546B8F838E56B74
data/pengujian_final/log_160_trial/manual_cepat/SP15/ManualCepat_SP15_trial05.txt,97B062E404562BB33772E9FF0C412F0D90A065B064369842C7DA5DBD5C366470
data/pengujian_final/log_160_trial/manual_cepat/SP15/ManualCepat_SP15_trial06.txt,891C246CB490D370D3A45FF1B74FC55DF1CFC21B3DB2955D3E789A9B78A9E52A
data/pengujian_final/log_160_trial/manual_cepat/SP15/ManualCepat_SP15_trial07.txt,969C3039E8E61C35F12EB5BB5AAC9083B228AEF6EA3AD78FA261BF5AB847960C
data/pengujian_final/log_160_trial/manual_cepat/SP15/ManualCepat_SP15_trial08.txt,9736F1D2FC5748A237FF027AE7DEEFB124B3EE3BBD95817E08913CBF977AED66
data/pengujian_final/log_160_trial/manual_cepat/SP15/ManualCepat_SP15_trial09.txt,6B35D7959D88B6E9B66A1AFD3024BADFF42DB4CD58D09E66B6295757340A5D98
data/pengujian_final/log_160_trial/manual_cepat/SP15/ManualCepat_SP15_trial10.txt,4ABD58B16ABFF6B77D2EAFFD7101615501B3C4D27DE012026FEF77999A2ABF88
data/pengujian_final/log_160_trial/manual_cepat/SP20/ManualCepat_SP20_trial01.txt,BAA73E432B0168298E9F2C690C85F045C00325D2FDE3DAFA49EDDAB8C20FD8D4
data/pengujian_final/log_160_trial/manual_cepat/SP20/ManualCepat_SP20_trial02.txt,B3008FE49DB866293832A2B665DADD6313FA3B96FDDD15D8FEAA9824DB225C56
data/pengujian_final/log_160_trial/manual_cepat/SP20/ManualCepat_SP20_trial03.txt,9D03737CEEE10242E5B78E59F476F239E333ED2BC83DF13FE0D5276F472419D4
data/pengujian_final/log_160_trial/manual_cepat/SP20/ManualCepat_SP20_trial04.txt,010B99BB91E0FA8418AB6C6024698D9C9B9D1228478211210A792FCE7C619BC6
data/pengujian_final/log_160_trial/manual_cepat/SP20/ManualCepat_SP20_trial05.txt,4AD72EF702DE4BCB1FDF7D6E50E5D905631224D462A28E2046E639BDF84BA4C7
data/pengujian_final/log_160_trial/manual_cepat/SP20/ManualCepat_SP20_trial06.txt,F241F544C28744F4E58AAE829BD67FD480AAF02B69A9EFFB549E30849A811A34
data/pengujian_final/log_160_trial/manual_cepat/SP20/ManualCepat_SP20_trial07.txt,60C424FCB651F82147DFFD16FCBA8555D0109890ABCE9341B0CB2D2150319288
data/pengujian_final/log_160_trial/manual_cepat/SP20/ManualCepat_SP20_trial08.txt,09BC1080AF3D6285CA908D8412B1CEAED928B9AD515D7F3D5B62DAD45A29E6E6
data/pengujian_final/log_160_trial/manual_cepat/SP20/ManualCepat_SP20_trial09.txt,86688D4E2BBFC5006A5B2D5E55124D9E39F47DE07DC6451B29554A74D7EB0455
data/pengujian_final/log_160_trial/manual_cepat/SP20/ManualCepat_SP20_trial10.txt,B9EE9C28407D7A40988AAA97CB98C03101C4CC010724341A6DB5F9EAFC439697
data/pengujian_final/log_160_trial/manual_cepat/SP25/ManualCepat_SP25_trial01.txt,0DEBB5B889B3D8F4C68C52B29DD395EEB887864A12C79ACA44D61D28F16DAD54
data/pengujian_final/log_160_trial/manual_cepat/SP25/ManualCepat_SP25_trial02.txt,C43BB0BF90B3ECBDCCE55983F563A658E1CDA79C1EDF354D8A7A071EA7155307
data/pengujian_final/log_160_trial/manual_cepat/SP25/ManualCepat_SP25_trial03.txt,8666E5E42720AD6CCABCEDA5D6B7EF5754C714895B9B717CE11EB6DC3F2B317A
data/pengujian_final/log_160_trial/manual_cepat/SP25/ManualCepat_SP25_trial04.txt,168E5E2E4BE4A836CF3A1850EB427766159A92309DC2ACF594A578F19B408892
data/pengujian_final/log_160_trial/manual_cepat/SP25/ManualCepat_SP25_trial05.txt,F3C27DE1936C0B1B10FA9A32F369B8E115BF43C70478FA074598C16916080BA0
data/pengujian_final/log_160_trial/manual_cepat/SP25/ManualCepat_SP25_trial06.txt,8C934368414C72E360182591FF410642509274E40E249248C611B26D937CA2A7
data/pengujian_final/log_160_trial/manual_cepat/SP25/ManualCepat_SP25_trial07.txt,20709A0C80AA3AA08E410CDCE4C3578CCA9A9D3797AB41B59622F9E77ACCDCDD
data/pengujian_final/log_160_trial/manual_cepat/SP25/ManualCepat_SP25_trial08.txt,AA0C453E4B215A12E7B1CF873765CD24575DB41EC602BBBD51DC777E4B46182B
data/pengujian_final/log_160_trial/manual_cepat/SP25/ManualCepat_SP25_trial09.txt,89A3E83B2493A8900F8732A3610412D2A4388AAA77D863436A3E82B05B2666A1
data/pengujian_final/log_160_trial/manual_cepat/SP25/ManualCepat_SP25_trial10.txt,AC74D163C614F8BA4BEEE0166F16F731A6A50BB8E63E0FE3BBE7F938DB9B279C
data/pengujian_final/log_160_trial/manual_cepat/SP30/ManualCepat_SP30_trial01.txt,67B50C86E8F88688C8E3CA6BFCF68C90C09330EB4A1E89723663201F37905B6A
data/pengujian_final/log_160_trial/manual_cepat/SP30/ManualCepat_SP30_trial02.txt,4A1EDAC3DC5724F9391067B8E5C8C501A75F3EB20039455CBF669C3C0264AC40
data/pengujian_final/log_160_trial/manual_cepat/SP30/ManualCepat_SP30_trial03.txt,36F848F47DE72997693E08FC4567BB615CFB66E2B1BAD10DEF2E9CBD97E91C63
data/pengujian_final/log_160_trial/manual_cepat/SP30/ManualCepat_SP30_trial04.txt,A0413EAFA687BE191F61AC1856A6A634665F54C82B4B1CA9258A2A7BF52959BE
data/pengujian_final/log_160_trial/manual_cepat/SP30/ManualCepat_SP30_trial05.txt,D9E257A8B280508791E4833C4AE1A5A557605795885D99FB9921566121FDFA67
data/pengujian_final/log_160_trial/manual_cepat/SP30/ManualCepat_SP30_trial06.txt,AEE3E22F1F19ECFB24DC84DC1CBAD35745A542704CCA85C1C93581436E40A359
data/pengujian_final/log_160_trial/manual_cepat/SP30/ManualCepat_SP30_trial07.txt,BFCE922D0F41C63925B83EBA472817B001058CFA64BA265793FAE0D9F9153BA8
data/pengujian_final/log_160_trial/manual_cepat/SP30/ManualCepat_SP30_trial08.txt,1AE2A6ABB5E3372CF97450F4F3C70151703074508D12A1FBE74A1F2AC5EAB517
data/pengujian_final/log_160_trial/manual_cepat/SP30/ManualCepat_SP30_trial09.txt,FC51870B0DA96CE57018B2D88803ECEB45C83536E895C41C9C09C5F964D8856B
data/pengujian_final/log_160_trial/manual_cepat/SP30/ManualCepat_SP30_trial10.txt,EB66267190DE930449B60ACE5E2EA436258ABFCDA066F7902A309B6E1FC11710
data/pengujian_final/log_160_trial/manual_presisi/SP15/ManualPresisi_SP15_trial01.txt,C1FD9373DD65A68B78E8849D5D5DEB3DF03CA7250504446E1433AEF6C357C0E8
data/pengujian_final/log_160_trial/manual_presisi/SP15/ManualPresisi_SP15_trial02.txt,17D4473D4E697D16CE544911E505C6F576DE9816F20843377CE07C8054ED87A5
data/pengujian_final/log_160_trial/manual_presisi/SP15/ManualPresisi_SP15_trial03.txt,8DED9B02D0CBBBEDC37AA4969C5409C62FD021497A446A153DB84B5D93826DDB
data/pengujian_final/log_160_trial/manual_presisi/SP15/ManualPresisi_SP15_trial04.txt,F59709F76077F1CED200D9360CB6951845ADDCF1A0AD9F55CDF41CE2538F50B2
data/pengujian_final/log_160_trial/manual_presisi/SP15/ManualPresisi_SP15_trial05.txt,3DE618F94D6D3397430DA35C0983A5EFDD30693495AEB5EBECDC64B0BE6BF920
data/pengujian_final/log_160_trial/manual_presisi/SP15/ManualPresisi_SP15_trial06.txt,5CC378C8D787F3F1C2FF0110483999493B2179FAD14188FE6928685C2E59616A
data/pengujian_final/log_160_trial/manual_presisi/SP15/ManualPresisi_SP15_trial07.txt,31099ED2AA5B84AFE04A0E7780CEF262B6B11467EDF3FF2C11E193ABC1AAA395
data/pengujian_final/log_160_trial/manual_presisi/SP15/ManualPresisi_SP15_trial08.txt,76BB2F0B5D2AFC4F1A2F07DA0ED2913297EF66877760344BB81CA1CC0C6CD712
data/pengujian_final/log_160_trial/manual_presisi/SP15/ManualPresisi_SP15_trial09.txt,7C3C25DD4102F999F83A4FA6AD886F276A7F42F5057D52EDE736836D4BC262EB
data/pengujian_final/log_160_trial/manual_presisi/SP15/ManualPresisi_SP15_trial10.txt,AAC512632CEC891E16869BEE0EEF18BDC690683A7F8A64FC45692820F2870BC2
data/pengujian_final/log_160_trial/manual_presisi/SP20/ManualPresisi_SP20_trial01.txt,631EA1F8BF7280BF52188D3DE658DA6E6BB532AB35F92A637B9506F8FB7D8AEC
data/pengujian_final/log_160_trial/manual_presisi/SP20/ManualPresisi_SP20_trial02.txt,22423A159A9B22AAA3EA6E2536853C91619A288D06EFBC54C6AF408AF3DAFF88
data/pengujian_final/log_160_trial/manual_presisi/SP20/ManualPresisi_SP20_trial03.txt,F508EDA7CC2AA22BF80AE854A2D970524D127557E7F4D478658B914BCFDAEEFF
data/pengujian_final/log_160_trial/manual_presisi/SP20/ManualPresisi_SP20_trial04.txt,EC03E449EC277AF23CA7342242474B35D1D7D40639C5FBBD94B5480483FC5D52
data/pengujian_final/log_160_trial/manual_presisi/SP20/ManualPresisi_SP20_trial05.txt,654E0F544C40485C4ADB0C834CA5EAD11E0E1B4F5E18A204550E236447B313C6
data/pengujian_final/log_160_trial/manual_presisi/SP20/ManualPresisi_SP20_trial06.txt,6A489C7AFDF60293FBC9EEBE5BCAA7485C60896CE5BBBB8E7E9A429E21F48599
data/pengujian_final/log_160_trial/manual_presisi/SP20/ManualPresisi_SP20_trial07.txt,193ED46EAD3975718B0ACA8AED7BDF1B3D6C0F3115AD1F58AC3BA43D786C5FDD
data/pengujian_final/log_160_trial/manual_presisi/SP20/ManualPresisi_SP20_trial08.txt,4A0BE28340107218309A259741B0110A4328556E1CA0F60116E30DD38EF5DEAD
data/pengujian_final/log_160_trial/manual_presisi/SP20/ManualPresisi_SP20_trial09.txt,593F66D25D5BCA2E9F6CF07E2BB9E9B54A55A44CBEE1F2F14F7CEDE39C768378
data/pengujian_final/log_160_trial/manual_presisi/SP20/ManualPresisi_SP20_trial10.txt,AC28BE1547602029BAC479D86F70021E8BDEE292C8A01603C4813A43CB2B64EB
data/pengujian_final/log_160_trial/manual_presisi/SP25/ManualPresisi_SP25_trial01.txt,B39129A0DAF927CF79706933ACDAF8AADB86EA21A139A4B09CDB93BCE4624E00
data/pengujian_final/log_160_trial/manual_presisi/SP25/ManualPresisi_SP25_trial02.txt,5AAE6292B682C74BE1362BA7AE325A02B18E3C3D886EF64076901D571241F622
data/pengujian_final/log_160_trial/manual_presisi/SP25/ManualPresisi_SP25_trial03.txt,05D5636F90B3CE4F52B34877DD0FF862DF503B086095FB63D7B6C35C1A0E9E98
data/pengujian_final/log_160_trial/manual_presisi/SP25/ManualPresisi_SP25_trial04.txt,4563798FDBD258A4AC26AE98EAB9521B96E9F675EB1AD59B0B0D0BF4A4F11E78
data/pengujian_final/log_160_trial/manual_presisi/SP25/ManualPresisi_SP25_trial05.txt,E3D26A73174E83566B41E1618A4BD40722913207412A9F5C1C29AB8807FAAA61
data/pengujian_final/log_160_trial/manual_presisi/SP25/ManualPresisi_SP25_trial06.txt,693F29C20B18152C1F748F2BA0DE979629669DD61CCB50C1C108C17BDCB89994
data/pengujian_final/log_160_trial/manual_presisi/SP25/ManualPresisi_SP25_trial07.txt,D2D9036400AE649DC894A656676C9842BBB47372C210BF8D9FDDEF04A7EC0187
data/pengujian_final/log_160_trial/manual_presisi/SP25/ManualPresisi_SP25_trial08.txt,BD1492F24261D28F606031E51A38632245209E44DF2A4412A85F51D8A4C00B25
data/pengujian_final/log_160_trial/manual_presisi/SP25/ManualPresisi_SP25_trial09.txt,AFB7237B55E1BC89DA87BCD7E806BCF206E6A1AC1626D1E2DECF7ED5E86B22B4
data/pengujian_final/log_160_trial/manual_presisi/SP25/ManualPresisi_SP25_trial10.txt,A4E6822FBC5333B93151FD0A69412102A84954FADE22B27C266C688117372839
data/pengujian_final/log_160_trial/manual_presisi/SP30/ManualPresisi_SP30_trial01.txt,0CAE5C5B7FD0A557B6F300C08E5D1FCCE8FEBBEB9FAA44AA9B11601D412E658E
data/pengujian_final/log_160_trial/manual_presisi/SP30/ManualPresisi_SP30_trial02.txt,BD108B60260496F9C3F22B13DB47DF026D74F7D0CDEC9391C4CE86EF7128289C
data/pengujian_final/log_160_trial/manual_presisi/SP30/ManualPresisi_SP30_trial03.txt,43DF67076A6AE917E731E60935D375139DDDFDFDAAB69E863014042E5E33A788
data/pengujian_final/log_160_trial/manual_presisi/SP30/ManualPresisi_SP30_trial04.txt,BAD2626BF401588FF70F60A602DD51800398239FE70146D925E2CF232FC07C0C
data/pengujian_final/log_160_trial/manual_presisi/SP30/ManualPresisi_SP30_trial05.txt,04CE6A4E312951C2DD2270053E854953E7110F6BDC882F0D2070C0C0E48CA1AA
data/pengujian_final/log_160_trial/manual_presisi/SP30/ManualPresisi_SP30_trial06.txt,97F73BE13D2C518B7DB5EE93D153F2F4C3056444095295CE9B6CD0C7D0E85D5A
data/pengujian_final/log_160_trial/manual_presisi/SP30/ManualPresisi_SP30_trial07.txt,3DE642D7DBEA82CEFAC0C489BC7B5F640E6B394FDBCD4AE6630615D984BF33E4
data/pengujian_final/log_160_trial/manual_presisi/SP30/ManualPresisi_SP30_trial08.txt,60C8F7923AB80DEF9F50297B9D4BBC9D2B49AD1CBC189B10A83C63B6A3063B32
data/pengujian_final/log_160_trial/manual_presisi/SP30/ManualPresisi_SP30_trial09.txt,C50591F13E1B19BE9FD0AF206D4AFF8B1472D12B10AC6FBBC656388C36D5AEB4
data/pengujian_final/log_160_trial/manual_presisi/SP30/ManualPresisi_SP30_trial10.txt,B78FDAE1DDC68F44060B2D5FCB31B876C4A74F831352AB3C6B64DF8CF0F1544F
data/pengujian_final/master_dataset_160.csv,79443B3F08AD6D42AA2FA6AF0A903CDB319D1CA32DE2FD0ACD37BFE76F99F31C
data/pilot_early_stop/baseline_es0/Dokumen_Analisis_Baseline_Early_Stop_0g_NETRAL.docx,C2E3813238FD23F6F31B4FE0F95CB467ABA902C750195C9C42032743F8417430
data/pilot_early_stop/baseline_es0/README.md,7D9766CA1D00812B289DEFE430A1A0FD186BF0FA7AC16A5907A4884F8122E76A
data/pilot_early_stop/baseline_es0/raw_log_partial/Setpoint 20 gram.txt,1E50C2C675C4CE09E775BD72628762084A0CF9B4E10369BB684C304B890211BD
data/pilot_early_stop/baseline_es0/raw_log_partial/Setpoint = 15.0g.txt,2FB20F22B020510F7D26ECAA5991D048022FED6788A6C3D91634173455EA76A0
data/pilot_early_stop/baseline_es0/raw_log_partial/Setpoint = 25.0g.txt,9D57D286AFA605158343CFC762AD59D6AAA004B3EEEB6777E0D31BE37650059E
data/pilot_early_stop/baseline_es0/raw_log_partial/Setpoint = 30.0g.txt,4EF27C35A888DFA6FD25074C5062E680682BE913544669080983EBC6FC0636B1
data/pilot_early_stop/baseline_es0/raw_log_partial/set point 10 gram.txt,DA785CA92521C395BC542764EFBC28ADD438E530F3A9EAC2EC1A7F1413846B4A
data/pilot_early_stop/kandidat_es/README.md,9AC02E276BC40E2433C83DA271EEBF79EC39C3FAB3B3571122BA1B5AA05FBDA7
data/pilot_early_stop/kandidat_es/perbandingan_fixed_gs_per_ES.md,295087D0BDCA20AE882C7A6E44C68CFDDE3B1FC344BF840C3A6997A5AEC1FE65
data/pilot_early_stop/kandidat_es/pilot_ES_QC_report.md,BB3350A1CC677A907AF69FE6EEA954EF0F64CDBE5BBFF72C304534E9542CD718
data/pilot_early_stop/kandidat_es/pilot_ES_master.csv,D796F4955306A011B766328B644376DA2397C944C3F0EB4580661B3212C3C687
data/pilot_early_stop/kandidat_es/pilot_ES_rekomendasi.md,7E6526FA77F0C5D9DE7B7DAE3C923D30A0E3B0C29A9CBB1F8ADE00415B4AAABB
data/pilot_early_stop/kandidat_es/pilot_ES_summary_all_valid.csv,B10546564BE10644754126FC85FF2A1406687CFDDE4B793FF987F7D2FADFD491
data/pilot_early_stop/kandidat_es/pilot_ES_summary_balanced_3trial.csv,C866072DBA376052C3EC99FCA3B9311579DB35ECE3D57477574AC67A57B9C5D1
firmware/fixed_pid/fixed_pid_pilot_final_ready_v2.ino,F2AF37327C8B1906B8B1A546F1D8054260C4722AB2DDF4A583C51BD4E20F31F9
firmware/gain_scheduling_pid/gs_pid_pilot_final_ready_v2.ino,EEB8715D8252DD852A603C190CCA51130C5D56ED4FD54782F407047696D9ECBE
firmware/manual_cepat/manual_cepat_final_ready_v2.ino,BAA3CA5E39341AF137CD634AE61E4B6C362EE3C0FA76382B7C29A9AD41491CED
firmware/manual_presisi/manual_presisi_final_ready_v2.ino,1ACB8EF94BFBC8F0F7ADCFF1AE547C577713BDD941529902198DF2D3C7E774B6
hasil/analisis_inferensial/hasil_konsistensi_finalerror_omnibus.csv,519FDF15563FCE74D6522CAF4A674232FA437928B507859E9FFE2F3E42868250
hasil/analisis_inferensial/hasil_omnibus_tahap3.csv,A4AECDE8715A8252FF32133D1C7A06CBDB07028CAAA729CE2E5E6FCC0C348337
hasil/analisis_inferensial/hasil_posthoc_tahap3.csv,4AE0F25259791691648E1E62AA0D9C730F4F041E7D5795DA5B8C6B511E889AA1
hasil/analisis_inferensial/hasil_proporsi_within_tolerance_omnibus.csv,D4E48174DB8DC3774E88AD85C750EF72A7C7339FC46A5CC7721482897B9256ED
hasil/analisis_inferensial/hasil_proporsi_within_tolerance_posthoc.csv,2C61D863015A09580492ABDE5D6A4250F127466DDA2D9ED246A9A0029A5AAF23
hasil/finalisasi/audit_visual_tahap5.csv,87BA8F01F0E10EF480057112C0C2C1840B1BE0148F6B23F72D4374ACAC58FF04
hasil/finalisasi/gambar_4_1_outcome_primer.png,E49F898F7E8BCD25154A724C88BE6B505DB08AE3A5FD2A1100CE40BEFC5E40FB
hasil/finalisasi/gambar_4_1_outcome_primer.svg,E7F60FBF064AEAB22C2CBDA1C7E42C902F9192B79B8C730068875B8E1E2900A3
hasil/finalisasi/gambar_4_2_risetime.png,54133F33AC1D02B52A646BF44625F66CE1DE4FEC3783745FBE56C71EA02CB818
hasil/finalisasi/gambar_4_2_risetime.svg,E1C91E715A0E932D856B4BE468D1350FCDF34C098E11D4114C3AF9B574DF2B36
hasil/finalisasi/gambar_4_3_tolerance_settling.png,EEAD66F6384797778ED2893FEFD128DB62C13C89D413EBEE25CC18DAFFDB3BB4
hasil/finalisasi/gambar_4_3_tolerance_settling.svg,F52C778DC926E2B4B5F90B121407BED742A4281106FA36C6D0724BADE9BEA42F
hasil/pemeriksaan_asumsi/hasil_brown_forsythe_per_setpoint.csv,66E57FFF6844C73E7F011913DD942F788D8615008963F967CD592ECE8AF4B53E
hasil/pemeriksaan_asumsi/hasil_shapiro_residual_per_setpoint.csv,F0D1E6A8400F6EAC056240D440EE431C5DDD770443DC2DD638B4F0807F8EB457
hasil/pemeriksaan_asumsi/rekomendasi_uji_tahap3.csv,326CA8F14874F1D549470D7B32C88A4A3899D958EF46D89B91A8525E6103F56D
hasil/sintesis_hasil/hasil_bridging_deskriptif.csv,994044B07CA450ED05B176FBAED580073B80826632C1FC6C0BE9A59151304FF1
hasil/sintesis_hasil/hasil_settlingtime_deskriptif.csv,1B33E71A11D4A75EA32BDB52ED716F228EACA78BB5EFB52578ACDAD2C684FAEC
hasil/sintesis_hasil/hasil_statistik_deskriptif_agregat_tahap1.csv,A9F7FC6E873A903664557C787747FA75E3BAD807406396057D038DF73B0B9D7B
hasil/sintesis_hasil/hasil_statistik_deskriptif_tahap1.csv,24BAC72A160A93C46B2DB5651AD88AE197B7A2B5461FD549CAA50C6144D31ECA
hasil/sintesis_hasil/tahap4_profil_primer.csv,0744E8ABD846F35C11F22776AC06E97C46AB3CD889D8522D1F8AF81F31DEB621
hasil/sintesis_hasil/tahap4_profil_tambahan_kondisional.csv,D7BAD4D355EE5BC3E4EAD82DCBA43F928CA673EC611147B833D96925A9AAB31F
